Strike Price,expiryDate,openInterest,changeinOpenInterest,pchangeinOpenInterest,totalTradedVolume,impliedVolatility,lastPrice,change,pChange,totalBuyQuantity,totalSellQuantity,bidQty,bidprice,askQty,askPrice,underlyingValue,date,Time
12000,25-Jun-2026,6.333333333333333,0.0,0.0,0,0.0,20.05,0.0,0.0,1875,0,75,20.05,0,0.0,22795.9,2025-02-22,23-36-22
12000,31-Dec-2026,13.666666666666666,0.0,0.0,0,0.0,20.05,0.0,0.0,1875,0,1800,1.05,0,0.0,22795.9,2025-02-22,23-36-22
13000,24-Dec-2025,10.0,2.0,25.0,2,31.37,20.05,10.0,99.50248756218905,750,600,750,10.15,600,20.05,22795.9,2025-02-22,23-36-22
13000,31-Dec-2026,27.0,0.0,0.0,0,0.0,20.05,0.0,0.0,2625,0,825,20.05,0,0.0,22795.9,2025-02-22,23-36-22
14000,26-Jun-2025,39.0,0.0,0.0,0,0.0,0.25,0.0,0.0,2550,1125,2325,1.05,975,9.95,22795.9,2025-02-22,23-36-22
14000,25-Jun-2026,14.333333333333334,0.0,0.0,0,0.0,20.05,0.0,0.0,150,0,150,20.05,0,0.0,22795.9,2025-02-22,23-36-22
14000,31-Dec-2026,20.666666666666668,0.0,0.0,0,0.0,20.2,0.0,0.0,525,0,525,20.3,0,0.0,22795.9,2025-02-22,23-36-22
15000,26-Jun-2025,52.666666666666664,7.0,15.328467153284672,7,31.42,7.5,0.0,0.0,1725,3450,75,7.3,375,10.0,22795.9,2025-02-22,23-36-22
15000,24-Dec-2025,25.333333333333332,0.0,0.0,3,25.0,20.05,0.0,0.0,3150,1350,750,5.05,975,36.95,22795.9,2025-02-22,23-36-22
15000,25-Jun-2026,13.333333333333334,0.0,0.0,0,0.0,20.2,0.0,0.0,225,0,225,20.35,0,0.0,22795.9,2025-02-22,23-36-22
15000,31-Dec-2026,30.333333333333332,0.0,0.0,0,0.0,36.75,0.0,0.0,825,0,675,21.4,0,0.0,22795.9,2025-02-22,23-36-22
15000,30-Dec-2027,6.333333333333333,0.0,0.0,0,0.0,43.05,0.0,0.0,750,0,300,24.4,0,0.0,22795.9,2025-02-22,23-36-22
16000,26-Jun-2025,22.0,0.0,0.0,0,0.0,3.55,0.0,0.0,3975,1350,75,9.05,1350,18.9,22795.9,2025-02-22,23-36-22
16000,24-Dec-2025,28.333333333333332,0.0,0.0,0,0.0,20.25,0.0,0.0,1725,0,1200,20.2,0,0.0,22795.9,2025-02-22,23-36-22
16000,25-Jun-2026,16.333333333333332,0.0,0.0,0,0.0,48.95,0.0,0.0,1575,0,825,21.85,0,0.0,22795.9,2025-02-22,23-36-22
16000,31-Dec-2026,32.333333333333336,0.0,0.0,0,0.0,23.3,0.0,0.0,525,0,75,24.8,0,0.0,22795.9,2025-02-22,23-36-22
16500,24-Dec-2025,36.666666666666664,0.0,0.0,0,0.0,20.3,0.0,0.0,1875,0,1350,20.7,0,0.0,22795.9,2025-02-22,23-36-22
17000,24-Dec-2025,50.0,0.0,0.0,0,0.0,39.05,0.0,0.0,17550,0,1725,21.65,0,0.0,22795.9,2025-02-22,23-36-22
17000,31-Dec-2026,38.0,0.0,0.0,0,0.0,97.05,0.0,0.0,525,0,375,33.5,0,0.0,22795.9,2025-02-22,23-36-22
17000,30-Dec-2027,189.33333333333334,0.0,0.0,0,0.0,180.6,0.0,0.0,900,0,450,44.8,0,0.0,22795.9,2025-02-22,23-36-22
18000,27-Mar-2025,4888.0,-279.0,-5.399651635378363,712,32.12,3.9,0.25,6.8493150684931505,58275,42825,750,3.5,300,3.9,22795.9,2025-02-22,23-36-22
18000,26-Jun-2025,1124.0,29.0,2.6484018264840183,89,22.54,19.45,-1.0,-4.88997555012225,21975,5325,375,19.4,75,21.5,22795.9,2025-02-22,23-36-22
18000,24-Dec-2025,38.666666666666664,0.0,0.0,0,0.0,73.0,0.0,0.0,2775,750,1950,27.4,750,105.8,22795.9,2025-02-22,23-36-22
18000,25-Jun-2026,0.0,0.0,0.0,0,0.0,0.0,0.0,0.0,675,0,375,40.45,0,0.0,22795.9,2025-02-22,23-36-22
18000,31-Dec-2026,69.0,0.0,0.0,0,0.0,76.1,0.0,0.0,675,0,525,53.3,0,0.0,22795.9,2025-02-22,23-36-22
18000,24-Jun-2027,0.3333333333333333,0.0,0.0,0,0.0,48.55,0.0,0.0,750,0,450,62.75,0,0.0,22795.9,2025-02-22,23-36-22
18000,30-Dec-2027,135.66666666666666,0.0,0.0,0,0.0,244.4,0.0,0.0,825,0,600,70.3,0,0.0,22795.9,2025-02-22,23-36-22
19000,27-Mar-2025,4044.0,87.0,2.1986353297952994,573,27.13,6.05,-0.20000000000000018,-3.200000000000003,88725,13425,375,5.9,300,6.05,22795.9,2025-02-22,23-36-22
19000,26-Jun-2025,11866.0,174.33333333333334,1.4910905203136138,845,20.58,35.45,1.6500000000000057,4.881656804733745,26700,19425,75,34.55,1725,35.45,22795.9,2025-02-22,23-36-22
19000,25-Sep-2025,0.0,0.0,0.0,0,0.0,0.0,0.0,0.0,3450,1800,1500,32.75,1800,141.75,22795.9,2025-02-22,23-36-22
19000,24-Dec-2025,125.66666666666667,0.0,0.0,0,0.0,102.0,0.0,0.0,6450,1050,2775,46.15,75,131.1,22795.9,2025-02-22,23-36-22
19000,25-Jun-2026,2.3333333333333335,0.0,0.0,0,0.0,160.05,0.0,0.0,900,0,525,73.15,0,0.0,22795.9,2025-02-22,23-36-22
19000,31-Dec-2026,31.0,0.0,0.0,0,0.0,97.45,0.0,0.0,2700,0,675,149.45,0,0.0,22795.9,2025-02-22,23-36-22
19000,24-Jun-2027,7.0,0.0,0.0,0,0.0,201.05,0.0,0.0,600,0,450,119.0,0,0.0,22795.9,2025-02-22,23-36-22
19000,30-Dec-2027,7.0,0.0,0.0,0,0.0,299.95,0.0,0.0,750,0,450,130.8,0,0.0,22795.9,2025-02-22,23-36-22
19000,29-Jun-2028,0.0,0.0,0.0,0,0.0,0.0,0.0,0.0,300,0,300,136.85,0,0.0,22795.9,2025-02-22,23-36-22
19000,28-Dec-2028,0.0,0.0,0.0,0,0.0,0.0,0.0,0.0,2100,0,300,139.1,0,0.0,22795.9,2025-02-22,23-36-22
19000,27-Dec-2029,0.0,0.0,0.0,0,0.0,0.0,0.0,0.0,300,0,300,136.1,0,0.0,0.0,2025-02-22,23-36-22
20000,27-Mar-2025,17019.0,823.3333333333334,5.08366435466277,4785,22.15,10.0,0.5999999999999996,6.382978723404251,181050,12750,375,10.0,75,10.25,22795.9,2025-02-22,23-36-22
20000,26-Jun-2025,11762.333333333334,377.6666666666667,3.3173273994261288,964,18.81,67.7,3.8000000000000043,5.946791862284827,18525,12450,75,67.7,75,68.5,22795.9,2025-02-22,23-36-22
20000,25-Sep-2025,0.0,0.0,0.0,0,0.0,0.0,0.0,0.0,3450,1800,1500,67.25,1800,319.6,22795.9,2025-02-22,23-36-22
20000,24-Dec-2025,3583.0,60.0,1.7030939540164634,238,19.54,204.9,8.150000000000006,4.1423125794155045,8775,10200,75,200.0,75,204.9,22795.9,2025-02-22,23-36-22
20000,25-Jun-2026,0.0,0.0,0.0,0,0.0,0.0,0.0,0.0,525,0,375,162.85,0,0.0,22795.9,2025-02-22,23-36-22
20000,31-Dec-2026,60.0,0.0,0.0,1,20.91,370.0,-8.850000000000023,-2.336016893229516,1500,300,75,366.05,300,518.0,22795.9,2025-02-22,23-36-22
20000,24-Jun-2027,0.0,0.0,0.0,0,0.0,0.0,0.0,0.0,300,0,300,216.95,0,0.0,22795.9,2025-02-22,23-36-22
20000,30-Dec-2027,53.666666666666664,0.0,0.0,0,0.0,400.0,0.0,0.0,675,0,450,226.05,0,0.0,22795.9,2025-02-22,23-36-22
20000,29-Jun-2028,0.0,0.0,0.0,0,0.0,400.0,0.0,0.0,300,0,300,227.75,0,0.0,22795.9,2025-02-22,23-36-22
20000,28-Dec-2028,11.666666666666666,0.0,0.0,0,0.0,370.0,0.0,0.0,675,0,450,224.85,0,0.0,22795.9,2025-02-22,23-36-22
20000,28-Jun-2029,0.0,0.0,0.0,0,0.0,0.0,0.0,0.0,300,0,300,217.25,0,0.0,0.0,2025-02-22,23-36-22
20000,27-Dec-2029,0.0,0.0,0.0,0,0.0,0.0,0.0,0.0,300,0,300,211.05,0,0.0,0.0,2025-02-22,23-36-22
21000,27-Mar-2025,43002.333333333336,2370.0,5.832793259883344,29178,18.04,24.15,0.7999999999999972,3.426124197002129,57000,37950,300,24.0,75,24.3,22795.9,2025-02-22,23-36-22
21000,26-Jun-2025,4329.333333333333,277.6666666666667,6.853146853146853,1161,17.36,137.0,12.200000000000003,9.775641025641029,9750,8925,75,136.0,75,138.9,22795.9,2025-02-22,23-36-22
21000,25-Sep-2025,0.0,0.0,0.0,0,0.0,0.0,0.0,0.0,3300,2475,300,192.15,75,499.4,22795.9,2025-02-22,23-36-22
21000,24-Dec-2025,3239.0,100.0,3.1857279388340234,288,18.6,311.9,14.149999999999977,4.752308984047011,9975,7425,75,308.0,75,312.0,22795.9,2025-02-22,23-36-22
21000,25-Jun-2026,10.0,0.0,0.0,0,0.0,364.95,0.0,0.0,450,0,300,322.15,0,0.0,22795.9,2025-02-22,23-36-22
21000,31-Dec-2026,20.666666666666668,0.6666666666666666,3.3333333333333335,1,0.0,481.05,3.0500000000000114,0.6380753138075338,975,675,75,481.05,75,499.95,22795.9,2025-02-22,23-36-22
21000,24-Jun-2027,2.6666666666666665,0.0,0.0,0,0.0,500.0,0.0,0.0,300,0,300,367.1,0,0.0,22795.9,2025-02-22,23-36-22
21000,30-Dec-2027,0.6666666666666666,0.0,0.0,0,0.0,582.95,0.0,0.0,600,0,450,366.45,0,0.0,22795.9,2025-02-22,23-36-22
21000,29-Jun-2028,0.0,0.0,0.0,0,0.0,0.0,0.0,0.0,300,0,300,358.3,0,0.0,22795.9,2025-02-22,23-36-22
21000,28-Dec-2028,13.333333333333334,0.0,0.0,0,0.0,500.0,0.0,0.0,300,0,300,345.55,0,0.0,22795.9,2025-02-22,23-36-22
21000,28-Jun-2029,0.0,0.0,0.0,0,0.0,0.0,0.0,0.0,300,0,300,327.7,0,0.0,0.0,2025-02-22,23-36-22
21000,27-Dec-2029,0.0,0.0,0.0,0,0.0,0.0,0.0,0.0,300,0,300,313.2,0,0.0,0.0,2025-02-22,23-36-22
21100,27-Feb-2025,79914.0,17120.0,27.263751313819792,388108,23.75,1.0,-0.1499999999999999,-13.04347826086956,3674925,300675,14925,1.0,150,1.05,22795.9,2025-02-22,23-36-22
21100,06-Mar-2025,1737.0,402.0,30.1123595505618,3337,19.02,3.3,-0.15000000000000036,-4.347826086956532,99825,57750,1200,3.3,1050,3.5,22795.9,2025-02-22,23-36-22
21100,27-Mar-2025,1099.0,110.0,11.122345803842265,1272,17.68,27.0,2.3500000000000014,9.533468559837734,23700,5625,75,27.0,375,29.8,22795.9,2025-02-22,23-36-22
21150,27-Feb-2025,9535.0,2666.0,38.812054156354634,85084,23.36,1.1,-0.1499999999999999,-11.999999999999993,780300,62400,18225,1.0,150,1.1,22795.9,2025-02-22,23-36-22
21150,06-Mar-2025,117.0,40.0,51.94805194805195,384,18.61,3.4,-0.25,-6.8493150684931505,84075,2100,1800,3.2,75,4.1,22795.9,2025-02-22,23-36-22
21150,13-Mar-2025,19.0,19.0,0.0,40,17.76,9.2,5.3999999999999995,142.10526315789474,14250,4125,750,6.3,675,10.0,22795.9,2025-02-22,23-36-22
21150,20-Mar-2025,0.0,0.0,0.0,0,0.0,0.0,0.0,0.0,11100,900,1800,11.55,900,29.4,22795.9,2025-02-22,23-36-22
21150,27-Mar-2025,153.0,23.0,17.692307692307693,181,17.38,27.65,1.0999999999999979,4.143126177024474,12975,5250,75,26.7,900,41.8,22795.9,2025-02-22,23-36-22
21150,03-Apr-2025,0.0,0.0,0.0,0,0.0,0.0,0.0,0.0,11250,225,750,13.1,150,69.9,22795.9,2025-02-22,23-36-22
21150,24-Apr-2025,0.0,0.0,0.0,0,0.0,0.0,0.0,0.0,2700,975,1800,27.5,75,99.0,22795.9,2025-02-22,23-36-22
21200,27-Feb-2025,28933.0,3858.0,15.385842472582253,104928,22.71,1.1,-0.19999999999999996,-15.38461538461538,462675,71925,22575,1.1,1575,1.2,22795.9,2025-02-22,23-36-22
21200,06-Mar-2025,971.0,352.0,56.865912762520196,2782,18.26,3.6,-0.10000000000000009,-2.702702702702705,62325,1875,300,3.4,75,4.0,22795.9,2025-02-22,23-36-22
21200,13-Mar-2025,656.0,233.0,55.082742316784866,719,17.24,8.95,-0.5,-5.291005291005291,25575,11475,1350,8.9,1425,9.95,22795.9,2025-02-22,23-36-22
21200,20-Mar-2025,50.0,10.0,25.0,29,17.15,18.0,-1.9499999999999993,-9.77443609022556,14175,3000,1800,12.85,75,20.45,22795.9,2025-02-22,23-36-22
21200,27-Mar-2025,3098.0,180.0,6.168608636052091,5216,17.37,30.7,3.5500000000000007,13.075506445672195,21525,4200,225,27.8,1425,31.35,22795.9,2025-02-22,23-36-22
21200,03-Apr-2025,0.0,0.0,0.0,0,0.0,0.0,0.0,0.0,11250,1125,900,15.15,900,82.95,22795.9,2025-02-22,23-36-22
21200,24-Apr-2025,0.0,0.0,0.0,0,0.0,0.0,0.0,0.0,3825,0,1800,32.0,0,0.0,22795.9,2025-02-22,23-36-22
21250,27-Feb-2025,11059.0,1571.0,16.557757166947724,45275,22.59,1.35,-0.04999999999999982,-3.5714285714285587,409350,54675,17550,1.1,75,1.4,22795.9,2025-02-22,23-36-22
21250,06-Mar-2025,140.0,76.0,118.75,395,18.19,4.25,0.20000000000000018,4.938271604938276,49125,2400,75,3.6,150,4.25,22795.9,2025-02-22,23-36-22
21250,13-Mar-2025,3.0,0.0,0.0,0,0.0,13.8,0.0,0.0,16500,150,1800,7.8,150,13.6,22795.9,2025-02-22,23-36-22
21250,20-Mar-2025,19.0,9.0,90.0,9,17.29,21.25,-0.8500000000000014,-3.8461538461538525,9750,1050,750,13.7,150,22.25,22795.9,2025-02-22,23-36-22
21250,27-Mar-2025,200.0,20.0,11.11111111111111,179,17.1,31.7,1.8999999999999986,6.375838926174492,12825,5700,300,31.75,900,39.25,22795.9,2025-02-22,23-36-22
21250,03-Apr-2025,0.0,0.0,0.0,0,0.0,0.0,0.0,0.0,8250,225,75,32.9,150,84.9,22795.9,2025-02-22,23-36-22
21250,24-Apr-2025,0.0,0.0,0.0,0,0.0,0.0,0.0,0.0,4500,900,900,35.3,900,103.4,22795.9,2025-02-22,23-36-22
21300,27-Feb-2025,33000.0,7350.0,28.65497076023392,150706,22.11,1.45,0.0,0.0,346575,84300,15450,1.3,16650,1.5,22795.9,2025-02-22,23-36-22
21300,06-Mar-2025,1111.0,310.0,38.70162297128589,3098,17.66,4.2,-0.39999999999999947,-8.695652173913032,55950,1950,600,4.2,150,4.5,22795.9,2025-02-22,23-36-22
21300,13-Mar-2025,129.0,31.0,31.632653061224488,66,17.23,12.05,2.0,19.90049751243781,11850,1875,1800,8.4,75,24.5,22795.9,2025-02-22,23-36-22
21300,20-Mar-2025,0.0,0.0,0.0,0,0.0,0.0,0.0,0.0,9150,2025,900,12.7,225,26.65,22795.9,2025-02-22,23-36-22
21300,27-Mar-2025,2138.0,677.0,46.338124572210816,3776,17.0,34.25,2.4499999999999993,7.704402515723268,20175,2475,75,34.0,75,38.4,22795.9,2025-02-22,23-36-22
21300,03-Apr-2025,3.0,3.0,0.0,3,16.35,40.0,5.299999999999997,15.273775216138318,9975,2025,900,25.3,900,98.4,22795.9,2025-02-22,23-36-22
21300,24-Apr-2025,1484.0,1085.0,271.9298245614035,1661,16.8,80.5,11.400000000000006,16.497829232995667,9975,525,600,80.1,75,83.4,22795.9,2025-02-22,23-36-22
21350,27-Feb-2025,3228.0,542.0,20.178704393149665,42142,21.18,1.3,-0.25,-16.129032258064516,269400,67650,9150,1.2,5700,1.95,22795.9,2025-02-22,23-36-22
21350,06-Mar-2025,195.0,176.0,926.3157894736842,406,17.57,4.95,-0.25,-4.8076923076923075,52575,3675,900,4.15,75,5.05,22795.9,2025-02-22,23-36-22
21350,13-Mar-2025,0.0,0.0,0.0,0,0.0,0.0,0.0,0.0,16350,225,750,8.6,225,19.35,22795.9,2025-02-22,23-36-22
21350,20-Mar-2025,9.0,2.0,28.571428571428573,2,16.87,24.0,-2.8000000000000007,-10.447761194029853,8850,225,750,17.0,225,32.0,22795.9,2025-02-22,23-36-22
21350,27-Mar-2025,55.0,17.0,44.73684210526316,114,15.98,28.95,2.8999999999999986,11.132437619961607,18150,3975,1800,29.1,225,43.7,22795.9,2025-02-22,23-36-22
21350,03-Apr-2025,0.0,0.0,0.0,0,0.0,0.0,0.0,0.0,8400,225,600,22.1,150,108.5,22795.9,2025-02-22,23-36-22
21350,24-Apr-2025,0.0,0.0,0.0,0,0.0,0.0,0.0,0.0,2850,900,150,69.2,900,121.65,22795.9,2025-02-22,23-36-22
21400,27-Feb-2025,47116.0,26224.0,125.52173080605016,183313,21.04,1.6,0.0,0.0,422625,60150,1575,1.6,2625,1.9,22795.9,2025-02-22,23-36-22
21400,06-Mar-2025,1903.0,1024.0,116.49601820250284,6688,16.99,4.8,-0.6000000000000005,-11.11111111111112,51375,8100,1125,4.8,300,5.55,22795.9,2025-02-22,23-36-22
21400,13-Mar-2025,40.0,13.0,48.148148148148145,41,16.85,14.35,0.5999999999999996,4.3636363636363615,12525,5325,75,11.75,1800,19.95,22795.9,2025-02-22,23-36-22
21400,20-Mar-2025,0.0,0.0,0.0,0,0.0,0.0,0.0,0.0,10650,2700,2700,15.65,900,50.8,22795.9,2025-02-22,23-36-22
21400,27-Mar-2025,2832.0,185.0,6.989044200982244,3335,17.28,44.95,9.050000000000004,25.20891364902508,19800,6825,375,37.3,1800,44.8,22795.9,2025-02-22,23-36-22
21400,03-Apr-2025,0.0,0.0,0.0,0,0.0,0.0,0.0,0.0,10650,1875,900,38.35,900,115.4,22795.9,2025-02-22,23-36-22
21400,24-Apr-2025,2299.0,-1.0,-0.043478260869565216,274,16.51,87.4,7.900000000000006,9.937106918239001,4200,3975,75,89.55,75,96.7,22795.9,2025-02-22,23-36-22
21450,27-Feb-2025,2328.0,75.0,3.3288948069241013,63351,20.87,1.95,0.25,14.705882352941178,271875,38325,4650,1.5,300,1.95,22795.9,2025-02-22,23-36-22
21450,06-Mar-2025,154.0,54.0,54.0,564,17.14,6.2,-0.14999999999999947,-2.3622047244094406,49500,4050,75,5.4,300,6.9,22795.9,2025-02-22,23-36-22
21450,13-Mar-2025,15.0,15.0,0.0,34,17.08,17.8,9.350000000000001,110.65088757396452,13650,2175,750,12.0,225,21.0,22795.9,2025-02-22,23-36-22
21450,20-Mar-2025,0.0,0.0,0.0,0,0.0,0.0,0.0,0.0,10575,1050,750,20.0,900,53.75,22795.9,2025-02-22,23-36-22
21450,27-Mar-2025,42.0,4.0,10.526315789473685,34,16.71,43.4,-58.50000000000001,-57.40922473012758,14475,1875,900,36.75,900,49.0,22795.9,2025-02-22,23-36-22
21450,03-Apr-2025,0.0,0.0,0.0,0,0.0,0.0,0.0,0.0,9900,150,225,26.1,75,128.45,22795.9,2025-02-22,23-36-22
21450,24-Apr-2025,0.0,0.0,0.0,0,0.0,0.0,0.0,0.0,2850,900,150,82.6,900,152.05,22795.9,2025-02-22,23-36-22
21500,27-Feb-2025,69862.0,7338.0,11.736293263386859,364811,19.99,1.8,-0.050000000000000044,-2.702702702702705,455850,139350,600,1.65,300,1.8,22795.9,2025-02-22,23-36-22
21500,06-Mar-2025,6428.0,871.0,15.673924779557314,18338,16.96,7.05,0.04999999999999982,0.7142857142857117,58350,43050,375,7.05,1350,7.5,22795.9,2025-02-22,23-36-22
21500,13-Mar-2025,353.0,308.0,684.4444444444445,550,16.38,16.65,0.34999999999999787,2.1472392638036677,14250,10950,225,16.0,900,17.0,22795.9,2025-02-22,23-36-22
21500,20-Mar-2025,96.0,77.0,405.2631578947368,130,16.79,33.5,7.050000000000001,26.654064272211723,11025,4425,150,27.0,750,37.0,22795.9,2025-02-22,23-36-22
21500,27-Mar-2025,26116.0,5599.0,27.289564751181945,27394,16.8,49.0,6.149999999999999,14.352392065344223,39000,26250,75,47.7,5475,49.0,22795.9,2025-02-22,23-36-22
21500,03-Apr-2025,6.0,6.0,0.0,6,17.3,71.2,20.1,39.334637964774956,9225,1050,75,57.35,75,71.0,22795.9,2025-02-22,23-36-22
21500,24-Apr-2025,7215.0,1515.0,26.57894736842105,5237,16.29,96.25,11.599999999999994,13.70348493797991,12825,6150,75,92.95,75,99.35,22795.9,2025-02-22,23-36-22
21550,27-Feb-2025,3699.0,1761.0,90.86687306501548,68962,19.44,1.9,0.0,0.0,285675,29400,1200,1.9,75,2.1,22795.9,2025-02-22,23-36-22
21550,06-Mar-2025,211.0,196.0,1306.6666666666667,843,16.25,6.6,-0.9000000000000004,-12.000000000000005,52875,8325,750,6.5,1500,8.7,22795.9,2025-02-22,23-36-22
21550,13-Mar-2025,0.0,0.0,0.0,0,0.0,0.0,0.0,0.0,12075,0,750,14.0,0,0.0,22795.9,2025-02-22,23-36-22
21550,20-Mar-2025,0.0,0.0,0.0,0,0.0,0.0,0.0,0.0,9600,150,900,24.6,150,75.95,22795.9,2025-02-22,23-36-22
21550,27-Mar-2025,41.0,0.0,0.0,0,0.0,36.35,0.0,0.0,10050,975,600,33.0,900,64.4,22795.9,2025-02-22,23-36-22
21550,03-Apr-2025,0.0,0.0,0.0,0,0.0,0.0,0.0,0.0,10650,150,225,30.1,75,151.0,22795.9,2025-02-22,23-36-22
21550,24-Apr-2025,2.0,2.0,0.0,2,16.0,97.4,0.10000000000000853,0.10277492291881657,900,1125,900,20.15,225,110.0,22795.9,2025-02-22,23-36-22
21600,27-Feb-2025,23507.0,5630.0,31.49297980645522,179529,18.88,2.25,0.30000000000000004,15.384615384615389,410925,68625,1050,2.0,900,2.25,22795.9,2025-02-22,23-36-22
21600,06-Mar-2025,2394.0,1223.0,104.4406490179334,8443,16.52,8.85,0.5999999999999996,7.272727272727268,68325,15375,7575,8.55,5175,8.85,22795.9,2025-02-22,23-36-22
21600,13-Mar-2025,87.0,46.0,112.1951219512195,94,16.18,21.0,1.8500000000000014,9.660574412532645,13500,150,600,15.65,75,27.85,22795.9,2025-02-22,23-36-22
21600,20-Mar-2025,0.0,0.0,0.0,0,0.0,0.0,0.0,0.0,11400,2175,900,21.6,900,52.5,22795.9,2025-02-22,23-36-22
21600,27-Mar-2025,3098.0,334.0,12.083936324167873,3041,16.65,57.5,8.600000000000001,17.586912065439677,19425,900,75,52.45,225,57.5,22795.9,2025-02-22,23-36-22
21600,03-Apr-2025,0.0,0.0,0.0,0,0.0,0.0,0.0,0.0,8325,1725,750,35.0,825,112.9,22795.9,2025-02-22,23-36-22
21600,24-Apr-2025,477.0,83.0,21.065989847715738,165,16.13,107.2,15.700000000000003,17.158469945355197,2025,1050,75,104.95,75,112.65,22795.9,2025-02-22,23-36-22
21650,27-Feb-2025,8038.0,3747.0,87.32230249359124,122677,18.37,2.15,0.04999999999999982,2.3809523809523725,198900,42525,825,2.0,2550,2.8,22795.9,2025-02-22,23-36-22
21650,06-Mar-2025,216.0,148.0,217.64705882352942,1012,15.72,8.1,-1.1500000000000004,-12.432432432432435,65025,9225,975,9.25,1500,11.05,22795.9,2025-02-22,23-36-22
21650,13-Mar-2025,24.0,18.0,300.0,25,15.89,22.35,7.100000000000001,46.55737704918034,15225,1725,600,16.65,1725,35.9,22795.9,2025-02-22,23-36-22
21650,20-Mar-2025,0.0,0.0,0.0,0,0.0,0.0,0.0,0.0,8100,1050,750,24.0,900,60.7,22795.9,2025-02-22,23-36-22
21650,27-Mar-2025,147.0,61.0,70.93023255813954,348,16.4,60.0,7.899999999999999,15.16314779270633,9675,2400,150,54.6,900,67.25,22795.9,2025-02-22,23-36-22
21650,03-Apr-2025,0.0,0.0,0.0,0,0.0,0.0,0.0,0.0,6300,150,225,37.1,75,176.8,22795.9,2025-02-22,23-36-22
21650,24-Apr-2025,2.0,0.0,0.0,0,0.0,97.95,0.0,0.0,1800,900,900,52.8,900,195.7,22795.9,2025-02-22,23-36-22
21700,27-Feb-2025,38760.0,21554.0,125.27025456236197,388269,18.04,2.5,0.20000000000000018,8.695652173913052,216600,84825,75,2.7,2550,2.75,22795.9,2025-02-22,23-36-22
21700,06-Mar-2025,3086.0,875.0,39.57485300768883,10985,16.28,11.9,1.8499999999999996,18.407960199004968,56025,12375,825,10.3,75,11.95,22795.9,2025-02-22,23-36-22
21700,13-Mar-2025,106.0,106.0,0.0,185,15.89,25.75,10.2,65.59485530546623,16500,3450,450,24.35,75,27.0,22795.9,2025-02-22,23-36-22
21700,20-Mar-2025,0.0,0.0,0.0,0,0.0,0.0,0.0,0.0,10500,2850,750,23.35,900,56.35,22795.9,2025-02-22,23-36-22
21700,27-Mar-2025,4279.0,632.0,17.329311763092953,4113,16.39,65.85,9.999999999999993,17.905102954341974,15000,2175,75,61.2,225,65.85,22795.9,2025-02-22,23-36-22
21700,03-Apr-2025,0.0,0.0,0.0,0,0.0,0.0,0.0,0.0,4275,1800,750,65.1,1800,97.2,22795.9,2025-02-22,23-36-22
21700,24-Apr-2025,820.0,145.0,21.48148148148148,192,15.89,117.65,13.400000000000006,12.853717026378902,3000,4050,75,102.3,225,126.65,22795.9,2025-02-22,23-36-22
21750,27-Feb-2025,9692.0,3914.0,67.73970231914157,183468,17.08,2.25,-0.3500000000000001,-13.461538461538463,217875,32025,450,2.2,450,3.4,22795.9,2025-02-22,23-36-22
21750,06-Mar-2025,291.0,201.0,223.33333333333334,1176,15.99,13.05,1.4000000000000004,12.017167381974252,50625,9300,750,10.5,1500,14.25,22795.9,2025-02-22,23-36-22
21750,13-Mar-2025,0.0,0.0,0.0,0,0.0,0.0,0.0,0.0,15600,150,600,20.1,75,79.95,22795.9,2025-02-22,23-36-22
21750,20-Mar-2025,0.0,0.0,0.0,0,0.0,0.0,0.0,0.0,8850,1050,750,28.0,900,72.45,22795.9,2025-02-22,23-36-22
21750,27-Mar-2025,177.0,11.0,6.626506024096385,439,16.18,69.35,8.849999999999994,14.62809917355371,4875,450,900,61.5,150,76.2,22795.9,2025-02-22,23-36-22
21750,03-Apr-2025,0.0,0.0,0.0,0,0.0,0.0,0.0,0.0,2400,75,225,45.6,75,199.9,0.0,2025-02-22,23-36-22
21750,24-Apr-2025,23.0,13.0,130.0,35,15.62,119.95,-11.049999999999997,-8.435114503816791,900,1125,900,30.15,225,137.7,22795.9,2025-02-22,23-36-22
21800,27-Feb-2025,44916.0,15047.0,50.376644681777094,564656,16.85,2.75,-0.10000000000000009,-3.5087719298245648,614250,206625,2025,2.75,975,3.5,22795.9,2025-02-22,23-36-22
21800,06-Mar-2025,5638.0,3816.0,209.44017563117453,16563,15.85,15.0,2.0500000000000007,15.830115830115837,73275,41625,900,14.35,825,15.0,22795.9,2025-02-22,23-36-22
21800,13-Mar-2025,274.0,119.0,76.7741935483871,427,15.89,33.95,5.350000000000001,18.70629370629371,18150,6375,1200,32.85,225,34.0,22795.9,2025-02-22,23-36-22
21800,20-Mar-2025,3.0,3.0,0.0,17,16.03,55.0,-2.950000000000003,-5.090595340811048,9450,2925,300,50.0,75,61.0,22795.9,2025-02-22,23-36-22
21800,27-Mar-2025,5997.0,677.0,12.725563909774436,7214,16.11,75.1,10.449999999999989,16.163959783449325,21075,20625,750,74.9,10650,81.4,22795.9,2025-02-22,23-36-22
21800,03-Apr-2025,0.0,0.0,0.0,0,0.0,0.0,0.0,0.0,3825,1800,900,79.5,1800,112.55,22795.9,2025-02-22,23-36-22
21800,24-Apr-2025,1023.0,124.0,13.793103448275861,500,15.77,131.9,14.700000000000003,12.542662116040958,4950,4125,3600,116.95,225,141.85,22795.9,2025-02-22,23-36-22
21850,27-Feb-2025,12627.0,6093.0,93.25068870523415,277369,16.37,3.05,-0.20000000000000018,-6.153846153846159,237600,62175,150,3.05,2250,4.0,22795.9,2025-02-22,23-36-22
21850,06-Mar-2025,305.0,-292.0,-48.91122278056952,2656,15.73,17.35,2.650000000000002,18.027210884353757,53025,4500,300,16.55,75,18.0,22795.9,2025-02-22,23-36-22
21850,13-Mar-2025,1.0,0.0,0.0,0,0.0,20.0,0.0,0.0,13950,300,600,26.25,75,84.95,22795.9,2025-02-22,23-36-22
21850,20-Mar-2025,0.0,0.0,0.0,0,0.0,0.0,0.0,0.0,10200,975,900,35.05,900,140.2,22795.9,2025-02-22,23-36-22
21850,27-Mar-2025,217.0,57.0,35.625,331,15.88,78.95,8.75,12.464387464387464,4050,1200,900,73.75,225,90.7,22795.9,2025-02-22,23-36-22
21850,03-Apr-2025,0.0,0.0,0.0,0,0.0,0.0,0.0,0.0,2400,0,225,45.6,0,0.0,0.0,2025-02-22,23-36-22
21850,24-Apr-2025,2.0,1.0,100.0,1,15.51,134.65,-9.299999999999983,-6.4605765890934235,1800,900,900,30.35,900,157.35,22795.9,2025-02-22,23-36-22
21900,27-Feb-2025,33311.0,11195.0,50.619461023693255,413960,16.31,4.0,0.10000000000000009,2.5641025641025665,298275,101025,150,3.75,975,4.0,22795.9,2025-02-22,23-36-22
21900,06-Mar-2025,1728.0,430.0,33.12788906009245,6874,15.6,20.0,3.0,17.647058823529413,51975,10275,75,19.0,300,20.5,22795.9,2025-02-22,23-36-22
21900,13-Mar-2025,228.0,190.0,500.0,428,15.72,42.45,7.450000000000003,21.285714285714295,13650,3825,600,32.65,75,45.0,22795.9,2025-02-22,23-36-22
21900,20-Mar-2025,12.0,10.0,500.0,12,15.43,60.2,-9.799999999999997,-13.999999999999996,10350,2775,600,41.25,900,100.5,22795.9,2025-02-22,23-36-22
21900,27-Mar-2025,3836.0,414.0,12.098188194038574,4278,16.07,89.55,14.25,18.92430278884462,11325,4725,225,86.6,675,95.0,22795.9,2025-02-22,23-36-22
21900,03-Apr-2025,0.0,0.0,0.0,0,0.0,0.0,0.0,0.0,2700,1800,675,58.5,1800,127.45,22795.9,2025-02-22,23-36-22
21900,24-Apr-2025,1061.0,91.0,9.381443298969073,457,15.61,146.4,16.200000000000017,12.44239631336407,4350,2925,75,94.55,225,157.9,22795.9,2025-02-22,23-36-22
21950,27-Feb-2025,13681.0,8402.0,159.15893161583634,235605,15.91,4.2,-0.2999999999999998,-6.6666666666666625,217200,103200,300,4.2,1875,4.5,22795.9,2025-02-22,23-36-22
21950,06-Mar-2025,682.0,493.0,260.84656084656086,2305,15.42,22.7,3.0500000000000007,15.521628498727742,18375,6075,300,20.05,750,24.95,22795.9,2025-02-22,23-36-22
21950,13-Mar-2025,20.0,20.0,0.0,22,15.33,44.3,17.049999999999997,62.56880733944953,11100,375,300,33.15,225,55.7,22795.9,2025-02-22,23-36-22
21950,20-Mar-2025,6.0,6.0,0.0,6,15.38,66.4,-10.349999999999994,-13.485342019543967,8850,975,900,35.05,900,99.9,22795.9,2025-02-22,23-36-22
21950,27-Mar-2025,256.0,82.0,47.12643678160919,520,15.83,93.85,12.149999999999991,14.871481028151765,4425,1200,900,87.4,225,105.4,22795.9,2025-02-22,23-36-22
21950,03-Apr-2025,0.0,0.0,0.0,0,0.0,0.0,0.0,0.0,525,0,525,18.25,0,0.0,0.0,2025-02-22,23-36-22
21950,24-Apr-2025,4.0,1.0,33.333333333333336,1,15.39,150.8,10.900000000000006,7.7912794853466805,1800,900,900,30.45,900,288.25,22795.9,2025-02-22,23-36-22
22000,27-Feb-2025,123865.0,7053.0,6.037907064342704,987693,15.79,5.9,0.5,9.25925925925926,1314975,498525,225,5.35,750,5.9,22795.9,2025-02-22,23-36-22
22000,06-Mar-2025,9983.0,4710.0,89.32296605347999,39343,15.44,27.1,4.600000000000001,20.44444444444445,28800,23025,900,26.5,150,27.4,22795.9,2025-02-22,23-36-22
22000,13-Mar-2025,540.0,297.0,122.22222222222223,1537,15.49,52.2,7.850000000000001,17.70011273957159,19950,8550,150,52.2,75,54.9,22795.9,2025-02-22,23-36-22
22000,20-Mar-2025,108.0,66.0,157.14285714285714,664,15.73,79.0,12.25,18.352059925093634,25050,5175,75,75.1,75,80.0,22795.9,2025-02-22,23-36-22
22000,27-Mar-2025,57175.0,5405.0,10.440409503573498,42218,16.06,106.7,18.150000000000006,20.496894409937898,47925,48675,2250,103.0,75,107.0,22795.9,2025-02-22,23-36-22
22000,03-Apr-2025,0.0,0.0,0.0,0,0.0,0.0,0.0,0.0,3225,300,75,55.55,300,141.25,22795.9,2025-02-22,23-36-22
22000,24-Apr-2025,5655.0,563.0,11.05655930871956,3519,15.6,166.45,17.299999999999983,11.599061347636596,15525,8175,150,167.45,300,171.25,22795.9,2025-02-22,23-36-22
22000,26-Jun-2025,14203.333333333334,449.0,3.264425756731212,1623,16.35,286.0,25.80000000000001,9.915449654112226,14475,9600,75,282.25,375,286.4,22795.9,2025-02-22,23-36-22
22000,25-Sep-2025,437.0,42.0,10.632911392405063,148,16.82,380.0,11.75,3.1907671418873047,3825,1725,75,380.05,75,390.4,22795.9,2025-02-22,23-36-22
22000,24-Dec-2025,6406.666666666667,54.0,0.8500367299821597,352,18.11,491.0,25.69999999999999,5.523318289275733,12225,9975,75,486.5,75,490.4,22795.9,2025-02-22,23-36-22
22000,25-Jun-2026,14.0,0.0,0.0,0,0.0,520.0,31.05000000000001,6.350342570815013,375,0,300,275.05,0,0.0,22795.9,2025-02-22,23-36-22
22000,31-Dec-2026,12.0,0.0,0.0,4,19.92,645.0,5.0,0.78125,450,375,75,640.05,75,679.95,22795.9,2025-02-22,23-36-22
22000,24-Jun-2027,0.0,0.0,0.0,0,0.0,0.0,0.0,0.0,300,0,300,582.85,0,0.0,22795.9,2025-02-22,23-36-22
22000,30-Dec-2027,0.3333333333333333,0.0,0.0,0,0.0,329.0,0.0,0.0,1050,0,900,562.45,0,0.0,22795.9,2025-02-22,23-36-22
22000,29-Jun-2028,1.3333333333333333,0.0,0.0,0,0.0,520.05,0.0,0.0,300,0,300,536.7,0,0.0,22795.9,2025-02-22,23-36-22
22000,28-Dec-2028,3.0,0.0,0.0,0,0.0,521.3,0.0,0.0,300,0,300,507.8,0,0.0,22795.9,2025-02-22,23-36-22
22000,28-Jun-2029,0.0,0.0,0.0,0,0.0,0.0,0.0,0.0,300,0,300,474.4,0,0.0,0.0,2025-02-22,23-36-22
22000,27-Dec-2029,0.0,0.0,0.0,0,0.0,0.0,0.0,0.0,300,0,300,447.6,0,0.0,0.0,2025-02-22,23-36-22
22050,27-Feb-2025,11945.0,5049.0,73.21635730858469,306833,15.38,6.8,0.6499999999999995,10.569105691056901,220500,59550,1200,6.4,825,6.8,22795.9,2025-02-22,23-36-22
22050,06-Mar-2025,676.0,583.0,626.8817204301075,2481,14.91,28.1,2.650000000000002,10.412573673870343,22725,5400,75,31.0,300,34.25,22795.9,2025-02-22,23-36-22
22050,13-Mar-2025,3.0,0.0,0.0,3,15.56,60.0,5.75,10.599078341013826,14100,1200,900,36.15,150,66.85,22795.9,2025-02-22,23-36-22
22050,20-Mar-2025,10.0,10.0,0.0,10,15.36,81.75,-10.049999999999997,-10.94771241830065,6600,900,900,61.05,900,103.45,22795.9,2025-02-22,23-36-22
22050,27-Mar-2025,718.0,88.0,13.968253968253968,458,15.69,109.5,14.150000000000006,14.840062926061885,5475,1350,750,104.0,225,122.2,22795.9,2025-02-22,23-36-22
22050,03-Apr-2025,0.0,0.0,0.0,0,0.0,0.0,0.0,0.0,2400,0,900,39.75,0,0.0,22795.9,2025-02-22,23-36-22
22050,24-Apr-2025,0.0,0.0,0.0,0,0.0,0.0,0.0,0.0,1500,900,600,30.35,900,198.75,22795.9,2025-02-22,23-36-22
22100,27-Feb-2025,30413.0,5687.0,23.00008088651622,501048,14.91,7.7,0.2999999999999998,4.054054054054052,381525,152100,1125,7.7,1125,8.0,22795.9,2025-02-22,23-36-22
22100,06-Mar-2025,2240.0,1114.0,98.93428063943162,13313,15.08,34.7,5.350000000000001,18.2282793867121,24150,4050,75,34.6,75,35.85,22795.9,2025-02-22,23-36-22
22100,13-Mar-2025,53.0,53.0,0.0,140,15.3,64.4,27.050000000000004,72.42302543507364,14925,3375,75,63.95,75,69.6,22795.9,2025-02-22,23-36-22
22100,20-Mar-2025,0.0,0.0,0.0,0,0.0,0.0,0.0,0.0,3675,1800,900,58.6,900,104.4,22795.9,2025-02-22,23-36-22
22100,27-Mar-2025,4147.0,627.0,17.8125,4131,15.84,122.3,20.799999999999997,20.49261083743842,4050,5025,75,117.45,300,122.0,22795.9,2025-02-22,23-36-22
22100,03-Apr-2025,0.0,0.0,0.0,0,0.0,0.0,0.0,0.0,0,1800,0,0.0,900,163.75,22795.9,2025-02-22,23-36-22
22100,24-Apr-2025,848.0,63.0,8.02547770700637,223,15.3,180.65,18.849999999999994,11.650185414091467,1050,3375,75,170.1,75,194.25,22795.9,2025-02-22,23-36-22
22150,27-Feb-2025,9252.0,1041.0,12.67811472415053,358556,14.65,9.4,0.6500000000000004,7.428571428571433,226425,85050,1125,9.3,1200,9.8,22795.9,2025-02-22,23-36-22
22150,06-Mar-2025,638.0,394.0,161.47540983606558,3484,15.1,41.0,7.799999999999997,23.493975903614448,21900,4575,150,37.75,750,46.3,22795.9,2025-02-22,23-36-22
22150,13-Mar-2025,82.0,76.0,1266.6666666666667,136,15.22,71.65,-19.299999999999997,-21.220450797141282,3450,1800,75,67.0,900,89.05,22795.9,2025-02-22,23-36-22
22150,20-Mar-2025,0.0,0.0,0.0,0,0.0,0.0,0.0,0.0,3600,3600,900,81.0,1800,142.1,22795.9,2025-02-22,23-36-22
22150,27-Mar-2025,243.0,9.0,3.8461538461538463,443,15.55,127.2,16.549999999999997,14.9570718481699,5250,2175,75,125.0,525,160.6,22795.9,2025-02-22,23-36-22
22150,03-Apr-2025,0.0,0.0,0.0,0,0.0,0.0,0.0,0.0,0,1800,0,0.0,900,197.2,22795.9,2025-02-22,23-36-22
22150,24-Apr-2025,2.0,0.0,0.0,0,0.0,192.65,0.0,0.0,1800,1050,900,30.45,150,207.15,22795.9,2025-02-22,23-36-22
22200,27-Feb-2025,41232.0,5694.0,16.022286003714335,683148,14.32,11.25,0.5,4.651162790697675,257625,254325,1200,11.4,600,11.8,22795.9,2025-02-22,23-36-22
22200,06-Mar-2025,3513.0,1657.0,89.27801724137932,18736,14.89,45.95,8.0,21.080368906455863,21675,4725,75,45.6,75,46.95,22795.9,2025-02-22,23-36-22
22200,13-Mar-2025,217.0,180.0,486.4864864864865,323,15.05,78.35,10.799999999999997,15.988156920799405,5250,1725,150,80.75,75,83.85,22795.9,2025-02-22,23-36-22
22200,20-Mar-2025,1.0,1.0,0.0,1,16.18,125.0,6.450000000000003,5.440742302825814,3600,1800,2700,104.55,1800,127.6,22795.9,2025-02-22,23-36-22
22200,27-Mar-2025,7960.0,561.0,7.5821056899581025,5284,15.6,139.4,20.75,17.488411293721025,8925,825,675,139.4,75,140.0,22795.9,2025-02-22,23-36-22
22200,03-Apr-2025,0.0,0.0,0.0,0,0.0,0.0,0.0,0.0,2025,0,900,51.8,0,0.0,22795.9,2025-02-22,23-36-22
22200,24-Apr-2025,1095.0,96.0,9.60960960960961,303,15.27,203.65,22.599999999999994,12.482739574703118,4800,450,2700,192.75,75,207.0,22795.9,2025-02-22,23-36-22
22250,27-Feb-2025,14812.0,8064.0,119.50207468879668,406771,14.12,14.0,1.0,7.6923076923076925,222825,80475,600,14.0,600,14.5,22795.9,2025-02-22,23-36-22
22250,06-Mar-2025,712.0,471.0,195.4356846473029,5040,14.64,51.1,8.200000000000003,19.11421911421912,9525,4725,75,51.1,75,55.0,22795.9,2025-02-22,23-36-22
22250,13-Mar-2025,9.0,1.0,12.5,2,13.84,70.8,-38.25,-35.075653370013754,2700,900,900,6.5,900,103.6,22795.9,2025-02-22,23-36-22
22250,20-Mar-2025,0.0,0.0,0.0,0,0.0,0.0,0.0,0.0,4500,2850,1800,6.5,150,133.05,22795.9,2025-02-22,23-36-22
22250,27-Mar-2025,267.0,117.0,78.0,552,15.45,148.0,21.25,16.765285996055226,7800,7500,150,141.8,900,161.55,22795.9,2025-02-22,23-36-22
22250,03-Apr-2025,0.0,0.0,0.0,0,0.0,0.0,0.0,0.0,900,1800,900,157.35,900,235.3,22795.9,2025-02-22,23-36-22
22250,24-Apr-2025,50.0,0.0,0.0,8,14.98,207.95,2.3499999999999943,1.1429961089494136,1800,1800,900,30.55,900,280.6,22795.9,2025-02-22,23-36-22
22300,27-Feb-2025,96416.0,32636.0,51.169645656945754,1068409,14.05,18.0,2.3499999999999996,15.015974440894567,307500,241275,300,17.45,1200,17.9,22795.9,2025-02-22,23-36-22
22300,06-Mar-2025,3820.0,2086.0,120.29988465974625,18446,14.76,61.0,12.549999999999997,25.902992776057783,26925,9225,150,60.1,75,61.35,22795.9,2025-02-22,23-36-22
22300,13-Mar-2025,205.0,111.0,118.08510638297872,359,15.15,100.25,19.799999999999997,24.611559975139834,2175,7275,75,98.7,75,102.5,22795.9,2025-02-22,23-36-22
22300,20-Mar-2025,0.0,0.0,0.0,0,0.0,0.0,0.0,0.0,3750,2700,75,59.95,900,159.1,22795.9,2025-02-22,23-36-22
22300,27-Mar-2025,5252.0,270.0,5.41951023685267,4739,16.0,172.65,36.599999999999994,26.901874310915098,8250,8475,1650,157.4,1650,163.6,22795.9,2025-02-22,23-36-22
22300,03-Apr-2025,0.0,0.0,0.0,0,0.0,0.0,0.0,0.0,900,1800,900,174.95,900,217.0,22795.9,2025-02-22,23-36-22
22300,24-Apr-2025,682.0,-4.0,-0.5830903790087464,219,15.14,226.0,24.55000000000001,12.186646810622989,4425,4500,75,228.0,150,240.95,22795.9,2025-02-22,23-36-22
22350,27-Feb-2025,13042.0,6572.0,101.57650695517775,467953,13.97,23.2,3.9499999999999993,20.519480519480517,189750,79725,675,22.35,975,22.9,22795.9,2025-02-22,23-36-22
22350,06-Mar-2025,680.0,327.0,92.63456090651557,4814,14.56,68.25,12.799999999999997,23.083859332732185,6000,2925,1050,60.35,300,74.95,22795.9,2025-02-22,23-36-22
22350,13-Mar-2025,6.0,5.0,500.0,12,14.62,103.25,15.25,17.329545454545457,2775,2025,900,75.85,225,121.0,22795.9,2025-02-22,23-36-22
22350,20-Mar-2025,0.0,0.0,0.0,0,0.0,0.0,0.0,0.0,5400,3600,1800,6.3,1800,167.45,22795.9,2025-02-22,23-36-22
22350,27-Mar-2025,657.0,166.0,33.80855397148676,766,15.15,167.25,20.30000000000001,13.814222524668264,3450,4350,750,162.4,750,186.05,22795.9,2025-02-22,23-36-22
22350,03-Apr-2025,0.0,0.0,0.0,0,0.0,0.0,0.0,0.0,1800,0,1800,179.9,0,0.0,22795.9,2025-02-22,23-36-22
22350,24-Apr-2025,20.0,0.0,0.0,0,0.0,231.55,0.0,0.0,3600,1950,900,216.95,150,257.3,22795.9,2025-02-22,23-36-22
22400,27-Feb-2025,48113.0,23855.0,98.33869239013933,910407,13.81,28.4,4.75,20.084566596194502,222375,175575,450,28.4,675,28.8,22795.9,2025-02-22,23-36-22
22400,06-Mar-2025,1990.0,827.0,71.10920034393808,13097,14.54,78.65,15.900000000000006,25.3386454183267,12150,12600,150,78.8,75,80.5,22795.9,2025-02-22,23-36-22
22400,13-Mar-2025,130.0,114.0,712.5,221,14.85,119.35,22.549999999999997,23.295454545454543,1950,3000,75,120.45,75,125.5,22795.9,2025-02-22,23-36-22
22400,20-Mar-2025,4.0,4.0,0.0,4,15.53,163.0,-0.05000000000001137,-0.030665440049071676,4575,0,900,145.1,0,0.0,22795.9,2025-02-22,23-36-22
22400,27-Mar-2025,5388.0,1134.0,26.657263751763047,8174,15.21,182.55,25.55000000000001,16.27388535031848,11475,3825,900,183.55,75,190.1,22795.9,2025-02-22,23-36-22
22400,03-Apr-2025,0.0,0.0,0.0,2,15.48,211.7,-3.450000000000017,-1.603532419242397,1800,900,1800,202.1,900,242.1,22795.9,2025-02-22,23-36-22
22400,24-Apr-2025,530.0,6.0,1.1450381679389312,196,15.09,252.6,27.599999999999994,12.266666666666664,4350,150,900,238.7,150,267.3,22795.9,2025-02-22,23-36-22
22450,27-Feb-2025,17334.0,10589.0,156.99036323202373,508945,13.7,35.4,6.649999999999999,23.130434782608692,115425,74100,525,35.4,1200,36.0,22795.9,2025-02-22,23-36-22
22450,06-Mar-2025,992.0,746.0,303.2520325203252,5815,14.43,89.0,18.049999999999997,25.440451021846368,11100,5025,975,88.25,975,91.35,22795.9,2025-02-22,23-36-22
22450,13-Mar-2025,16.0,3.0,23.076923076923077,11,14.57,127.95,22.450000000000003,21.279620853080573,3450,2700,900,6.3,900,143.6,22795.9,2025-02-22,23-36-22
22450,20-Mar-2025,0.0,0.0,0.0,0,0.0,0.0,0.0,0.0,5400,2850,900,149.8,150,181.2,22795.9,2025-02-22,23-36-22
22450,27-Mar-2025,393.0,256.0,186.86131386861314,1067,14.93,190.55,21.25,12.551683402244535,15675,11025,375,196.65,900,220.15,22795.9,2025-02-22,23-36-22
22450,03-Apr-2025,0.0,0.0,0.0,0,0.0,0.0,0.0,0.0,1800,1800,900,215.15,1800,257.65,22795.9,2025-02-22,23-36-22
22450,24-Apr-2025,24.0,21.0,700.0,34,14.97,264.0,25.400000000000006,10.645431684828168,2700,2700,900,249.15,900,305.7,22795.9,2025-02-22,23-36-22
22500,27-Feb-2025,110004.0,36645.0,49.952971005602585,1446652,13.74,44.35,9.350000000000001,26.71428571428572,368550,426600,1950,44.0,975,44.4,22795.9,2025-02-22,23-36-22
22500,06-Mar-2025,8796.0,3801.0,76.09609609609609,41594,14.38,101.4,22.10000000000001,27.86885245901641,22800,18375,75,100.8,75,103.1,22795.9,2025-02-22,23-36-22
22500,13-Mar-2025,544.0,263.0,93.59430604982207,1348,14.83,147.0,28.150000000000006,23.68531762726126,7650,6675,75,143.15,375,150.0,22795.9,2025-02-22,23-36-22
22500,20-Mar-2025,129.0,59.0,84.28571428571429,215,15.01,181.75,29.44999999999999,19.33683519369664,4725,1950,225,176.2,75,187.15,22795.9,2025-02-22,23-36-22
22500,27-Mar-2025,30093.0,4135.0,15.929578549965328,39428,15.21,212.75,31.55000000000001,17.411699779249457,32325,38250,75,212.0,750,216.0,22795.9,2025-02-22,23-36-22
22500,03-Apr-2025,0.0,0.0,0.0,0,0.0,0.0,0.0,0.0,150,2250,75,227.5,375,243.9,22795.9,2025-02-22,23-36-22
22500,24-Apr-2025,5106.0,140.0,2.819170358437374,1595,15.04,282.0,32.25,12.912912912912914,6900,12675,75,280.1,3750,282.0,22795.9,2025-02-22,23-36-22
22550,27-Feb-2025,11032.0,4154.0,60.395463797615584,536938,13.58,54.6,12.149999999999999,28.621908127208474,147975,74625,450,54.6,525,55.5,22795.9,2025-02-22,23-36-22
22550,06-Mar-2025,987.0,755.0,325.4310344827586,5558,14.16,112.55,21.89999999999999,24.158852730281293,6525,6000,75,111.8,300,120.2,22795.9,2025-02-22,23-36-22
22550,13-Mar-2025,20.0,17.0,566.6666666666666,40,14.77,161.35,37.14999999999999,29.911433172302733,4200,1800,450,6.55,900,174.3,22795.9,2025-02-22,23-36-22
22550,20-Mar-2025,0.0,0.0,0.0,0,0.0,0.0,0.0,0.0,5400,3600,900,11.95,900,216.85,22795.9,2025-02-22,23-36-22
22550,27-Mar-2025,305.0,1.0,0.32894736842105265,822,15.18,228.45,34.099999999999994,17.54566503730383,11775,4425,300,219.6,900,243.1,22795.9,2025-02-22,23-36-22
22550,03-Apr-2025,0.0,0.0,0.0,0,0.0,0.0,0.0,0.0,2100,0,900,122.6,0,0.0,22795.9,2025-02-22,23-36-22
22550,24-Apr-2025,5.0,0.0,0.0,1,14.86,292.0,1.75,0.6029285099052542,3150,2250,450,280.1,450,325.8,22795.9,2025-02-22,23-36-22
22600,27-Feb-2025,50995.0,16791.0,49.09074961992749,1163375,13.68,68.0,16.85,32.94232649071359,229650,410250,75,67.6,300,68.05,22795.9,2025-02-22,23-36-22
22600,06-Mar-2025,3196.0,1037.0,48.031496062992126,17090,14.35,129.3,28.10000000000001,27.76679841897234,16425,12075,75,129.3,675,131.0,22795.9,2025-02-22,23-36-22
22600,13-Mar-2025,141.0,108.0,327.27272727272725,512,14.78,178.35,34.849999999999994,24.28571428571428,7650,6825,75,178.35,75,181.55,22795.9,2025-02-22,23-36-22
22600,20-Mar-2025,28.0,16.0,133.33333333333334,59,14.83,210.95,32.14999999999998,17.980984340044728,2025,2100,150,210.5,300,231.55,22795.9,2025-02-22,23-36-22
22600,27-Mar-2025,4054.0,300.0,7.991475759190197,5010,15.08,243.25,35.0,16.80672268907563,10650,5925,75,243.0,150,249.45,22795.9,2025-02-22,23-36-22
22600,03-Apr-2025,0.0,0.0,0.0,0,0.0,0.0,0.0,0.0,1350,1800,900,143.0,900,294.25,22795.9,2025-02-22,23-36-22
22600,24-Apr-2025,273.0,71.0,35.148514851485146,242,14.95,311.95,25.599999999999966,8.940108259123438,2550,1350,75,300.65,450,340.6,22795.9,2025-02-22,23-36-22
22650,27-Feb-2025,12182.0,5139.0,72.96606559704671,730928,13.63,83.25,21.35,34.49111470113086,159900,123450,900,82.45,1275,83.85,22795.9,2025-02-22,23-36-22
22650,06-Mar-2025,1349.0,844.0,167.12871287128712,7090,14.35,148.35,33.599999999999994,29.281045751633982,8475,7650,1050,144.85,975,149.05,22795.9,2025-02-22,23-36-22
22650,13-Mar-2025,92.0,85.0,1214.2857142857142,202,14.42,189.05,32.0,20.375676536134986,3150,3075,900,176.0,900,205.05,22795.9,2025-02-22,23-36-22
22650,20-Mar-2025,0.0,0.0,0.0,0,0.0,0.0,0.0,0.0,4500,1800,900,213.3,900,248.85,22795.9,2025-02-22,23-36-22
22650,27-Mar-2025,484.0,227.0,88.32684824902724,1034,14.94,257.65,34.94999999999999,15.693758419398291,8550,7575,75,257.65,300,271.35,22795.9,2025-02-22,23-36-22
22650,03-Apr-2025,0.0,0.0,0.0,0,0.0,0.0,0.0,0.0,0,0,0,0.0,0,0.0,22795.9,2025-02-22,23-36-22
22650,24-Apr-2025,5.0,0.0,0.0,2,14.73,322.0,1.5500000000000114,0.48369480418162314,1800,900,900,313.95,900,354.7,22795.9,2025-02-22,23-36-22
22700,27-Feb-2025,53891.0,16841.0,45.45479082321187,1737982,13.64,100.85,26.75,36.09986504723347,446850,369825,75,100.85,975,101.3,22795.9,2025-02-22,23-36-22
22700,06-Mar-2025,3473.0,1764.0,103.2182562902282,27528,14.14,163.65,34.650000000000006,26.860465116279077,13425,24150,75,163.6,975,166.7,22795.9,2025-02-22,23-36-22
22700,13-Mar-2025,221.0,183.0,481.57894736842104,885,14.66,212.85,41.54999999999998,24.25569176882661,6750,9000,75,209.8,75,217.85,22795.9,2025-02-22,23-36-22
22700,20-Mar-2025,32.0,13.0,68.42105263157895,51,14.83,248.05,45.05000000000001,22.19211822660099,3225,2325,75,242.9,300,255.95,22795.9,2025-02-22,23-36-22
22700,27-Mar-2025,5118.0,1661.0,48.04743997685855,8788,15.04,275.8,38.25,16.10187328983372,8550,8475,75,275.8,375,281.05,22795.9,2025-02-22,23-36-22
22700,03-Apr-2025,0.0,0.0,0.0,0,0.0,0.0,0.0,0.0,150,1800,150,110.1,900,323.25,22795.9,2025-02-22,23-36-22
22700,24-Apr-2025,407.0,105.0,34.7682119205298,462,14.78,341.85,33.650000000000034,10.91823491239456,1275,3600,75,336.65,75,359.85,22795.9,2025-02-22,23-36-22
22750,27-Feb-2025,22893.0,15258.0,199.84282907662083,1367336,13.6,121.1,32.5,36.68171557562077,434850,173925,75,121.2,1050,121.8,22795.9,2025-02-22,23-36-22
22750,06-Mar-2025,909.0,537.0,144.3548387096774,13568,14.15,184.0,40.30000000000001,28.044537230341,11100,12750,75,182.95,75,184.2,22795.9,2025-02-22,23-36-22
22750,13-Mar-2025,104.0,91.0,700.0,263,14.46,228.95,40.64999999999998,21.58789166224109,4350,3150,150,214.05,150,249.45,22795.9,2025-02-22,23-36-22
22750,20-Mar-2025,0.0,0.0,0.0,0,0.0,0.0,0.0,0.0,9075,3600,675,97.15,900,292.0,22795.9,2025-02-22,23-36-22
22750,27-Mar-2025,790.0,179.0,29.2962356792144,1491,15.58,313.6,60.400000000000034,23.854660347551356,10125,15525,150,289.05,1800,313.5,22795.9,2025-02-22,23-36-22
22750,03-Apr-2025,0.0,0.0,0.0,0,0.0,0.0,0.0,0.0,0,1800,0,0.0,900,351.0,22795.9,2025-02-22,23-36-22
22750,24-Apr-2025,74.0,66.0,825.0,97,14.85,363.15,42.049999999999955,13.095608844596685,2175,4050,75,347.7,450,390.65,22795.9,2025-02-22,23-36-22
22800,27-Feb-2025,68468.0,17989.0,35.63660135898096,2506975,13.79,144.5,40.3,38.675623800383875,1260075,354150,600,144.75,1275,145.2,22795.9,2025-02-22,23-36-22
22800,06-Mar-2025,9031.0,4634.0,105.39003866272458,58066,14.16,206.0,46.55000000000001,29.194104735026666,18075,16575,75,204.05,75,206.0,22795.9,2025-02-22,23-36-22
22800,13-Mar-2025,416.0,196.0,89.0909090909091,1508,14.43,249.85,44.69999999999999,21.78893492566414,44700,4200,975,249.5,75,256.0,22795.9,2025-02-22,23-36-22
22800,20-Mar-2025,48.0,22.0,84.61538461538461,58,14.65,285.0,36.849999999999994,14.849889179931491,2850,1350,75,278.85,300,290.0,22795.9,2025-02-22,23-36-22
22800,27-Mar-2025,12499.0,4517.0,56.58982711099975,18400,14.95,317.7,46.349999999999966,17.08126036484244,12150,14625,75,316.0,75,319.0,22795.9,2025-02-22,23-36-22
22800,03-Apr-2025,0.0,0.0,0.0,0,0.0,0.0,0.0,0.0,2100,0,900,331.95,0,0.0,22795.9,2025-02-22,23-36-22
22800,24-Apr-2025,856.0,161.0,23.165467625899282,918,14.83,381.85,40.10000000000002,11.733723482077549,4650,4350,75,381.85,75,399.0,22795.9,2025-02-22,23-36-22
22850,27-Feb-2025,16247.0,1137.0,7.524818001323626,1006439,13.9,169.6,47.0,38.33605220228385,124725,74850,75,169.6,150,170.7,22795.9,2025-02-22,23-36-22
22850,06-Mar-2025,1022.0,465.0,83.48294434470377,11746,14.1,228.55,49.0,27.29044834307992,11475,5550,75,225.0,75,229.95,22795.9,2025-02-22,23-36-22
22850,13-Mar-2025,26.0,8.0,44.44444444444444,90,13.97,262.9,42.89999999999998,19.49999999999999,2625,450,900,259.95,450,297.0,22795.9,2025-02-22,23-36-22
22850,20-Mar-2025,11.0,2.0,22.22222222222222,10,14.85,312.0,55.30000000000001,21.54265679781847,3075,3300,75,287.85,1050,363.1,22795.9,2025-02-22,23-36-22
22850,27-Mar-2025,720.0,113.0,18.616144975288304,717,14.79,334.9,45.69999999999999,15.802213001383123,10575,7275,750,327.35,750,350.05,22795.9,2025-02-22,23-36-22
22850,03-Apr-2025,0.0,0.0,0.0,0,0.0,0.0,0.0,0.0,900,1800,900,342.85,900,390.25,22795.9,2025-02-22,23-36-22
22850,24-Apr-2025,40.0,20.0,100.0,76,14.79,400.45,44.25,12.42279618192027,3150,900,450,380.35,900,429.85,22795.9,2025-02-22,23-36-22
22900,27-Feb-2025,43351.0,-6026.0,-12.204062620248294,1315284,14.1,199.6,56.400000000000006,39.3854748603352,186900,166350,225,197.05,300,199.6,22795.9,2025-02-22,23-36-22
22900,06-Mar-2025,5892.0,1543.0,35.47942055644976,31852,13.97,251.35,52.099999999999994,26.148055207026346,12600,8625,75,246.45,225,259.6,22795.9,2025-02-22,23-36-22
22900,13-Mar-2025,255.0,187.0,275.0,796,14.31,294.0,52.0,21.487603305785125,4800,5625,750,284.0,375,308.45,22795.9,2025-02-22,23-36-22
22900,20-Mar-2025,20.0,-10.0,-33.333333333333336,36,14.36,323.35,46.35000000000002,16.732851985559574,675,3450,75,320.1,75,372.75,22795.9,2025-02-22,23-36-22
22900,27-Mar-2025,3903.0,563.0,16.856287425149702,6053,15.04,364.6,56.950000000000045,18.511295303104195,6975,9675,75,350.0,75,362.55,22795.9,2025-02-22,23-36-22
22900,03-Apr-2025,0.0,0.0,0.0,0,0.0,0.0,0.0,0.0,0,1800,0,0.0,900,408.2,22795.9,2025-02-22,23-36-22
22900,24-Apr-2025,227.0,4.0,1.7937219730941705,244,14.75,419.95,43.89999999999998,11.673979523999462,1875,3450,150,418.9,75,443.6,22795.9,2025-02-22,23-36-22
22950,27-Feb-2025,12602.0,2191.0,21.045048506387474,292374,14.15,228.1,61.94999999999999,37.285585314474865,78375,45525,75,228.0,150,230.55,22795.9,2025-02-22,23-36-22
22950,06-Mar-2025,686.0,289.0,72.79596977329975,3557,13.82,275.5,54.69999999999999,24.773550724637676,9375,10875,75,275.6,225,282.0,22795.9,2025-02-22,23-36-22
22950,13-Mar-2025,19.0,2.0,11.764705882352942,64,14.04,313.6,51.35000000000002,19.58055290753099,3225,1575,1800,15.85,1350,345.95,22795.9,2025-02-22,23-36-22
22950,20-Mar-2025,10.0,6.0,150.0,11,14.25,344.8,11.350000000000023,3.403808666966569,2100,2100,300,325.7,150,374.6,22795.9,2025-02-22,23-36-22
22950,27-Mar-2025,1198.0,188.0,18.613861386138613,858,14.75,380.2,52.14999999999998,15.896966925773503,5775,5775,150,363.35,150,388.7,22795.9,2025-02-22,23-36-22
22950,03-Apr-2025,0.0,0.0,0.0,0,0.0,0.0,0.0,0.0,900,0,900,374.85,0,0.0,22795.9,2025-02-22,23-36-22
22950,24-Apr-2025,29.0,0.0,0.0,3,14.68,439.0,36.05000000000001,8.946519419282792,2250,1350,900,412.6,450,470.85,22795.9,2025-02-22,23-36-22
23000,27-Feb-2025,77294.0,-6171.0,-7.3935182411789375,527491,14.17,262.05,71.20000000000002,37.3067854335866,178500,98025,150,261.2,150,266.75,22795.9,2025-02-22,23-36-22
23000,06-Mar-2025,15862.0,3659.0,29.984430058182415,28885,14.18,310.0,67.0,27.572016460905353,17925,22275,150,305.0,300,312.45,22795.9,2025-02-22,23-36-22
23000,13-Mar-2025,264.0,-3.0,-1.1235955056179776,795,14.23,344.15,60.44999999999999,21.307719421924563,5325,4725,75,338.25,75,357.85,22795.9,2025-02-22,23-36-22
23000,20-Mar-2025,63.0,-30.0,-32.25806451612903,194,14.17,368.3,51.69999999999999,16.329753632343646,3975,75,300,366.5,75,396.25,22795.9,2025-02-22,23-36-22
23000,27-Mar-2025,43330.333333333336,2169.0,5.269508600304493,34173,14.8,406.0,58.05000000000001,16.683431527518326,23775,22275,750,404.9,300,409.0,22795.9,2025-02-22,23-36-22
23000,03-Apr-2025,4.0,4.0,0.0,6,14.65,420.0,-23.350000000000023,-5.266719296267063,1275,2025,75,411.35,75,441.7,22795.9,2025-02-22,23-36-22
23000,24-Apr-2025,4462.0,745.0,20.04304546677428,3783,14.68,461.0,50.44999999999999,12.288393618316888,5700,9975,75,462.0,150,469.15,22795.9,2025-02-22,23-36-22
23000,26-Jun-2025,12683.333333333334,557.3333333333334,4.596184507119688,2638,15.77,574.2,50.90000000000009,9.726734186890903,8025,6750,150,575.05,75,580.0,22795.9,2025-02-22,23-36-22
23000,25-Sep-2025,682.0,70.0,11.437908496732026,143,16.67,664.0,42.14999999999998,6.7781619361582335,2775,975,75,630.05,150,668.45,22795.9,2025-02-22,23-36-22
23000,24-Dec-2025,10630.333333333334,337.3333333333333,3.277308202985848,899,17.8,752.05,28.25,3.9030118817352863,7275,9225,75,752.0,150,760.0,22795.9,2025-02-22,23-36-22
23000,25-Jun-2026,105.66666666666667,0.0,0.0,0,0.0,780.0,0.0,0.0,525,75,300,780.05,75,900.0,22795.9,2025-02-22,23-36-22
23000,31-Dec-2026,180.0,1.0,0.5586592178770949,1,20.32,910.0,35.0,4.0,225,150,75,855.0,75,904.95,22795.9,2025-02-22,23-36-22
23000,24-Jun-2027,0.0,0.0,0.0,0,0.0,0.0,0.0,0.0,3675,0,75,875.65,0,0.0,22795.9,2025-02-22,23-36-22
23000,30-Dec-2027,26.0,0.0,0.0,0,0.0,800.05,0.0,0.0,1050,0,900,823.1,0,0.0,22795.9,2025-02-22,23-36-22
23000,29-Jun-2028,0.0,0.0,0.0,0,0.0,0.0,0.0,0.0,300,0,300,770.3,0,0.0,22795.9,2025-02-22,23-36-22
23000,28-Dec-2028,49.0,0.0,0.0,0,0.0,875.0,0.0,0.0,5700,0,300,717.95,0,0.0,22795.9,2025-02-22,23-36-22
23000,28-Jun-2029,0.0,0.0,0.0,0,0.0,0.0,0.0,0.0,300,0,300,662.8,0,0.0,22795.9,2025-02-22,23-36-22
23000,27-Dec-2029,36.0,0.0,0.0,0,0.0,900.0,0.0,0.0,300,300,300,618.6,75,1698.4,22795.9,2025-02-22,23-36-22
23050,27-Feb-2025,3310.0,146.0,4.61441213653603,46852,14.45,298.95,79.14999999999998,36.01000909918106,19650,20775,150,299.05,150,300.35,22795.9,2025-02-22,23-36-22
23050,06-Mar-2025,415.0,131.0,46.12676056338028,1862,13.8,333.6,66.0,24.663677130044842,7425,3675,750,321.3,750,371.85,22795.9,2025-02-22,23-36-22
23050,13-Mar-2025,17.0,1.0,6.25,2,13.87,364.55,59.85000000000002,19.642271086314416,2700,0,1800,22.3,0,0.0,22795.9,2025-02-22,23-36-22
23050,20-Mar-2025,0.0,0.0,0.0,0,0.0,0.0,0.0,0.0,4500,900,1800,246.0,900,468.6,22795.9,2025-02-22,23-36-22
23050,27-Mar-2025,551.0,117.0,26.95852534562212,407,14.49,423.1,54.700000000000045,14.847991313789372,5100,900,900,387.8,900,451.25,22795.9,2025-02-22,23-36-22
23050,03-Apr-2025,0.0,0.0,0.0,0,0.0,0.0,0.0,0.0,225,0,225,200.1,0,0.0,22795.9,2025-02-22,23-36-22
23050,24-Apr-2025,2.0,1.0,100.0,1,14.26,468.5,7.199999999999989,1.5608064166485993,5325,2700,900,320.15,900,556.4,22795.9,2025-02-22,23-36-22
23100,27-Feb-2025,15796.0,-1322.0,-7.722864820656619,91967,15.25,342.55,93.10000000000002,37.322108639005826,41775,32775,225,337.0,75,342.65,22795.9,2025-02-22,23-36-22
23100,06-Mar-2025,1742.0,274.0,18.66485013623978,3665,13.89,366.75,71.64999999999998,24.27990511690951,5100,7275,750,360.55,225,371.0,22795.9,2025-02-22,23-36-22
23100,13-Mar-2025,44.0,-2.0,-4.3478260869565215,37,13.93,394.95,64.94999999999999,19.68181818181818,2100,2850,1950,380.1,75,422.65,22795.9,2025-02-22,23-36-22
23100,20-Mar-2025,0.0,0.0,0.0,0,0.0,0.0,0.0,0.0,1800,2700,900,400.95,2700,453.25,22795.9,2025-02-22,23-36-22
23100,27-Mar-2025,2838.0,-40.0,-1.389854065323141,2061,15.04,464.85,73.60000000000002,18.811501597444096,4500,7500,600,444.6,1500,464.8,22795.9,2025-02-22,23-36-22
23100,03-Apr-2025,0.0,0.0,0.0,0,0.0,0.0,0.0,0.0,0,1800,0,0.0,1800,498.2,22795.9,2025-02-22,23-36-22
23100,24-Apr-2025,145.0,72.0,98.63013698630137,157,14.43,498.3,45.900000000000034,10.145888594164463,3900,4650,300,479.5,150,524.7,22795.9,2025-02-22,23-36-22
23150,27-Feb-2025,1605.0,117.0,7.862903225806452,14014,15.27,379.95,96.59999999999997,34.092112228692415,23700,15900,150,378.65,75,384.45,22795.9,2025-02-22,23-36-22
23150,06-Mar-2025,225.0,-7.0,-3.0172413793103448,407,13.85,399.15,76.19999999999999,23.59498374361356,3300,8775,450,394.2,750,434.15,22795.9,2025-02-22,23-36-22
23150,13-Mar-2025,110.0,93.0,547.0588235294117,204,14.18,430.7,70.05000000000001,19.423263551920147,2250,2250,450,50.0,900,491.4,22795.9,2025-02-22,23-36-22
23150,20-Mar-2025,0.0,0.0,0.0,0,0.0,0.0,0.0,0.0,900,900,900,414.95,900,559.3,22795.9,2025-02-22,23-36-22
23150,27-Mar-2025,389.0,-30.0,-7.159904534606206,231,14.58,479.5,65.19999999999999,15.737388365918415,2775,6300,75,461.15,300,564.7,22795.9,2025-02-22,23-36-22
23150,24-Apr-2025,1.0,1.0,0.0,1,14.17,512.95,18.600000000000023,3.7625164357236818,3225,3600,1425,334.55,900,638.4,22795.9,2025-02-22,23-36-22
23200,27-Feb-2025,24502.0,-1710.0,-6.523729589500992,46812,16.11,426.0,108.5,34.17322834645669,75600,28875,150,421.85,225,426.95,22795.9,2025-02-22,23-36-22
23200,06-Mar-2025,868.0,79.0,10.012674271229404,1125,13.81,433.1,81.45000000000005,23.162235177022623,4800,7350,225,430.1,300,449.2,22795.9,2025-02-22,23-36-22
23200,13-Mar-2025,70.0,30.0,75.0,144,14.05,459.75,70.0,17.96023091725465,2550,6075,300,438.4,150,479.75,22795.9,2025-02-22,23-36-22
23200,20-Mar-2025,0.0,0.0,0.0,0,0.0,0.0,0.0,0.0,2700,1800,900,435.35,1800,515.0,22795.9,2025-02-22,23-36-22
23200,27-Mar-2025,3595.0,-180.0,-4.768211920529802,1894,14.66,510.0,69.0,15.646258503401361,7350,7200,450,499.85,150,517.5,22795.9,2025-02-22,23-36-22
23200,24-Apr-2025,377.0,9.0,2.4456521739130435,286,14.51,550.45,57.00000000000006,11.551322322423763,3075,3000,150,528.95,150,577.15,22795.9,2025-02-22,23-36-22
23250,27-Feb-2025,1500.0,-251.0,-14.33466590519703,3973,15.58,461.65,104.54999999999995,29.277513301596176,23475,16500,75,466.55,750,471.0,22795.9,2025-02-22,23-36-22
23250,06-Mar-2025,312.0,223.0,250.56179775280899,1508,13.9,470.45,84.05000000000001,21.752070393374744,3075,4575,75,470.0,150,538.8,22795.9,2025-02-22,23-36-22
23250,13-Mar-2025,2.0,2.0,0.0,5,14.12,493.85,27.850000000000023,5.976394849785413,0,900,0,0.0,900,590.85,22795.9,2025-02-22,23-36-22
23250,20-Mar-2025,0.0,0.0,0.0,0,0.0,0.0,0.0,0.0,225,0,225,140.1,0,0.0,22795.9,2025-02-22,23-36-22
23250,27-Mar-2025,243.0,-25.0,-9.328358208955224,127,14.39,531.95,66.05000000000007,14.176861987550993,3375,2925,225,486.45,900,590.35,22795.9,2025-02-22,23-36-22
23250,24-Apr-2025,28.0,-1.0,-3.4482758620689653,1,14.08,560.4,36.299999999999955,6.926159129937027,2700,1800,1800,375.45,900,620.3,22795.9,2025-02-22,23-36-22
23300,27-Feb-2025,15875.0,-1240.0,-7.2451066316096995,19795,16.85,512.55,117.49999999999994,29.743070497405377,122625,19200,75,512.65,375,518.4,22795.9,2025-02-22,23-36-22
23300,06-Mar-2025,624.0,47.0,8.145580589254767,413,13.7,505.0,88.44999999999999,21.233945504741325,3300,9675,225,505.35,750,579.65,22795.9,2025-02-22,23-36-22
23300,13-Mar-2025,135.0,84.0,164.7058823529412,389,13.76,521.15,76.54999999999995,17.21772379667115,1500,7350,150,516.5,450,571.55,22795.9,2025-02-22,23-36-22
23300,20-Mar-2025,0.0,0.0,0.0,0,0.0,0.0,0.0,0.0,975,0,900,152.15,0,0.0,22795.9,2025-02-22,23-36-22
23300,27-Mar-2025,2395.0,-241.0,-9.142640364188164,1177,15.02,579.3,86.34999999999997,17.516989552692962,9375,9750,1275,563.25,375,575.7,22795.9,2025-02-22,23-36-22
23300,24-Apr-2025,195.0,24.0,14.035087719298245,135,14.24,592.65,56.19999999999993,10.476279243172696,5550,3900,900,575.45,150,619.35,22795.9,2025-02-22,23-36-22
23350,27-Feb-2025,1293.0,7.0,0.5443234836702955,1039,17.54,559.35,123.05000000000001,28.203071281228514,20475,16725,150,560.05,150,567.5,22795.9,2025-02-22,23-36-22
23350,06-Mar-2025,89.0,24.0,36.92307692307692,59,13.3,538.75,81.75,17.888402625820568,4425,6525,75,547.85,750,622.3,22795.9,2025-02-22,23-36-22
23350,13-Mar-2025,1.0,1.0,0.0,1,13.21,546.55,257.65,89.18310834198685,3600,1725,1725,357.65,1725,718.75,22795.9,2025-02-22,23-36-22
23350,20-Mar-2025,0.0,0.0,0.0,0,0.0,0.0,0.0,0.0,900,0,900,523.65,0,0.0,22795.9,2025-02-22,23-36-22
23350,27-Mar-2025,551.0,54.0,10.865191146881287,101,14.54,597.45,76.45000000000005,14.673704414587341,5475,9525,150,585.65,225,678.5,22795.9,2025-02-22,23-36-22
23350,24-Apr-2025,1.0,1.0,0.0,1,14.02,611.65,32.85000000000002,5.675535590877683,2325,1800,1425,420.85,900,822.3,22795.9,2025-02-22,23-36-22
23400,27-Feb-2025,11249.0,-1011.0,-8.246329526916803,5771,18.36,611.0,130.75,27.225403435710565,24375,20850,600,606.95,75,614.6,22795.9,2025-02-22,23-36-22
23400,06-Mar-2025,256.0,12.0,4.918032786885246,194,13.97,586.95,98.70000000000005,20.215053763440867,8475,6600,1125,577.0,675,615.7,22795.9,2025-02-22,23-36-22
23400,13-Mar-2025,1.0,0.0,0.0,1,13.79,593.5,-6.5,-1.0833333333333335,5550,6375,150,412.2,75,770.85,22795.9,2025-02-22,23-36-22
23400,20-Mar-2025,0.0,0.0,0.0,0,0.0,0.0,0.0,0.0,0,0,0,0.0,0,0.0,22795.9,2025-02-22,23-36-22
23400,27-Mar-2025,2351.0,1064.0,82.67288267288268,2049,14.87,638.15,87.79999999999995,15.953484146452249,9675,11550,375,576.55,300,638.05,22795.9,2025-02-22,23-36-22
23400,24-Apr-2025,97.0,6.0,6.593406593406593,10,14.83,669.55,85.34999999999991,14.609722697706248,5400,4575,75,600.0,75,695.5,22795.9,2025-02-22,23-36-22
23450,27-Feb-2025,945.0,-127.0,-11.847014925373134,369,19.45,657.65,129.0,24.401778114064125,15675,14475,675,655.6,300,664.6,22795.9,2025-02-22,23-36-22
23450,06-Mar-2025,18.0,7.0,63.63636363636363,50,13.54,623.0,95.29999999999995,18.05950350577979,4875,4950,750,568.8,450,731.5,22795.9,2025-02-22,23-36-22
23450,13-Mar-2025,1.0,1.0,0.0,1,13.37,624.1,296.8,90.68133211121295,3450,1725,1725,452.85,1725,821.6,22795.9,2025-02-22,23-36-22
23450,20-Mar-2025,0.0,0.0,0.0,0,0.0,0.0,0.0,0.0,0,0,0,0.0,0,0.0,22795.9,2025-02-22,23-36-22
23450,27-Mar-2025,498.0,16.0,3.319502074688797,100,13.88,645.6,65.39999999999998,11.271975180972074,5625,5025,225,646.6,450,846.7,22795.9,2025-02-22,23-36-22
23450,24-Apr-2025,2.0,1.0,100.0,1,14.05,669.25,149.25,28.701923076923073,1800,0,1800,466.15,0,0.0,22795.9,2025-02-22,23-36-22
23500,27-Feb-2025,42442.0,-1019.0,-2.3446308184349185,15260,20.71,709.0,137.75,24.113785557986873,36600,28800,150,705.7,300,710.0,22795.9,2025-02-22,23-36-22
23500,06-Mar-2025,1930.0,79.0,4.267963263101026,742,14.77,678.05,113.04999999999995,20.008849557522115,5550,6975,300,671.7,150,688.5,22795.9,2025-02-22,23-36-22
23500,13-Mar-2025,50.0,36.0,257.14285714285717,256,14.21,676.4,111.75,19.791020986451784,5400,5475,150,663.55,375,712.95,22795.9,2025-02-22,23-36-22
23500,20-Mar-2025,0.0,0.0,0.0,0,0.0,0.0,0.0,0.0,0,0,0,0.0,0,0.0,22795.9,2025-02-22,23-36-22
23500,27-Mar-2025,14595.0,-489.0,-3.241845664280032,7857,14.57,697.0,90.25,14.874330449114131,15825,24975,150,695.0,75,699.9,22795.9,2025-02-22,23-36-22
23500,24-Apr-2025,2956.0,-41.0,-1.3680347013680347,1182,14.82,726.85,84.25,13.110799875505757,6750,13500,375,705.0,1425,726.75,22795.9,2025-02-22,23-36-22
23550,27-Feb-2025,1321.0,-116.0,-8.072372999304106,211,19.21,744.0,124.10000000000002,20.01935796096145,12675,12075,375,752.9,75,761.45,22795.9,2025-02-22,23-36-22
23550,06-Mar-2025,3.0,2.0,200.0,2,0.0,619.85,-1.3999999999999773,-0.22535211267605265,5775,5025,750,649.4,225,821.25,22795.9,2025-02-22,23-36-22
23550,13-Mar-2025,1.0,1.0,0.0,1,14.01,712.55,343.49999999999994,93.07681885923314,3450,4350,1725,537.2,900,951.9,22795.9,2025-02-22,23-36-22
23550,20-Mar-2025,0.0,0.0,0.0,0,0.0,0.0,0.0,0.0,0,0,0,0.0,0,0.0,22795.9,2025-02-22,23-36-22
23550,27-Mar-2025,344.0,3.0,0.8797653958944281,27,13.48,705.1,65.5,10.240775484677924,4050,5025,225,673.75,225,849.5,22795.9,2025-02-22,23-36-22
23550,24-Apr-2025,1.0,0.0,0.0,0,0.0,665.0,0.0,0.0,0,0,0,0.0,0,0.0,22795.9,2025-02-22,23-36-22
23600,27-Feb-2025,12760.0,-488.0,-3.683574879227053,1255,21.74,802.7,137.5,20.670475045099217,25350,20475,375,802.8,300,810.3,22795.9,2025-02-22,23-36-22
23600,06-Mar-2025,116.0,6.0,5.454545454545454,9,13.63,753.0,100.25,15.358100344695519,5325,4725,750,688.6,750,864.9,22795.9,2025-02-22,23-36-22
23600,13-Mar-2025,2.0,1.0,100.0,1,13.37,743.65,313.65,72.94186046511626,3600,4650,1725,595.6,300,820.05,22795.9,2025-02-22,23-36-22
23600,20-Mar-2025,0.0,0.0,0.0,0,0.0,0.0,0.0,0.0,0,0,0,0.0,0,0.0,22795.9,2025-02-22,23-36-22
23600,27-Mar-2025,1046.0,-13.0,-1.2275731822474032,150,14.02,754.0,80.29999999999995,11.919251892533762,6075,6525,300,754.65,75,770.0,22795.9,2025-02-22,23-36-22
23600,24-Apr-2025,512.0,8.0,1.5873015873015872,42,14.09,760.5,46.75,6.549912434325744,2100,2700,75,735.0,300,837.45,22795.9,2025-02-22,23-36-22
23650,27-Feb-2025,1219.0,-77.0,-5.941358024691358,394,22.6,852.0,140.35000000000002,19.721773343638027,14100,11475,525,852.05,75,861.85,22795.9,2025-02-22,23-36-22
23650,06-Mar-2025,6.0,1.0,20.0,2,13.42,796.1,151.10000000000002,23.42635658914729,3825,4650,225,811.7,750,926.2,22795.9,2025-02-22,23-36-22
23650,13-Mar-2025,1.0,1.0,0.0,1,13.26,783.75,369.7,89.28873324477719,3450,3450,1725,635.15,1725,1044.9,22795.9,2025-02-22,23-36-22
23650,20-Mar-2025,0.0,0.0,0.0,0,0.0,0.0,0.0,0.0,0,0,0,0.0,0,0.0,22795.9,2025-02-22,23-36-22
23650,27-Mar-2025,323.0,-13.0,-3.869047619047619,17,14.52,801.95,102.35000000000002,14.629788450543172,6000,5850,450,782.05,150,831.95,22795.9,2025-02-22,23-36-22
23650,24-Apr-2025,1.0,0.0,0.0,0,0.0,470.0,0.0,0.0,0,0,0,0.0,0,0.0,22795.9,2025-02-22,23-36-22
23700,27-Feb-2025,13347.0,-176.0,-1.3014863565776824,902,22.46,896.05,133.14999999999998,17.45313933674138,20025,18375,225,901.35,75,909.25,22795.9,2025-02-22,23-36-22
23700,06-Mar-2025,61.0,8.0,15.09433962264151,30,15.56,857.85,120.35000000000002,16.318644067796615,6150,5775,750,815.65,750,959.4,22795.9,2025-02-22,23-36-22
23700,13-Mar-2025,8.0,1.0,14.285714285714286,2,13.84,833.45,113.45000000000005,15.756944444444452,3675,3600,75,677.4,150,912.2,22795.9,2025-02-22,23-36-22
23700,20-Mar-2025,0.0,0.0,0.0,0,0.0,0.0,0.0,0.0,0,0,0,0.0,0,0.0,22795.9,2025-02-22,23-36-22
23700,27-Mar-2025,1092.0,-30.0,-2.6737967914438503,180,14.07,829.05,86.94999999999993,11.716749764182715,6750,5550,225,778.85,75,860.0,22795.9,2025-02-22,23-36-22
23700,24-Apr-2025,713.0,0.0,0.0,0,0.0,750.0,0.0,0.0,1875,3075,1575,609.15,300,1101.75,22795.9,2025-02-22,23-36-22
23750,27-Feb-2025,1232.0,-119.0,-8.808290155440414,303,21.05,935.3,128.29999999999995,15.89838909541511,10800,12900,300,949.85,150,960.75,22795.9,2025-02-22,23-36-22
23750,06-Mar-2025,6.0,1.0,20.0,1,10.31,874.35,96.14999999999998,12.355435620663064,5325,3675,750,822.5,225,1025.6,22795.9,2025-02-22,23-36-22
23750,13-Mar-2025,2.0,2.0,0.0,2,13.35,870.6,408.3,88.31927319922129,3600,3450,150,728.65,1725,1047.65,22795.9,2025-02-22,23-36-22
23750,27-Mar-2025,265.0,-4.0,-1.486988847583643,12,13.64,857.95,84.60000000000002,10.939419409064463,5475,5775,225,870.1,600,1078.0,22795.9,2025-02-22,23-36-22
23750,24-Apr-2025,39.0,0.0,0.0,0,0.0,751.25,0.0,0.0,1725,0,1725,567.15,0,0.0,22795.9,2025-02-22,23-36-22
23800,27-Feb-2025,11747.0,-70.0,-0.5923669290005924,1251,24.74,998.1,139.39999999999998,16.23384185396529,17100,17175,150,1000.55,150,1008.9,22795.9,2025-02-22,23-36-22
23800,06-Mar-2025,75.0,5.0,7.142857142857143,16,14.72,942.0,109.0,13.085234093637455,4575,4575,225,953.2,750,1059.85,22795.9,2025-02-22,23-36-22
23800,13-Mar-2025,2.0,1.0,100.0,1,13.48,915.85,542.7,145.43749162535175,3450,3450,1725,773.3,1725,1094.45,22795.9,2025-02-22,23-36-22
23800,27-Mar-2025,857.0,-16.0,-1.8327605956471935,365,14.48,914.4,96.94999999999993,11.860052602605654,6600,6975,75,925.0,75,938.85,22795.9,2025-02-22,23-36-22
23800,24-Apr-2025,764.0,0.0,0.0,1,14.41,901.0,61.299999999999955,7.300226271287359,3750,300,225,797.4,300,1069.5,22795.9,2025-02-22,23-36-22
23850,27-Feb-2025,2093.0,-1.0,-0.04775549188156638,41,22.45,1034.0,127.0,14.002205071664827,9450,9975,225,1051.4,900,1061.55,22795.9,2025-02-22,23-36-22
23850,06-Mar-2025,11.0,2.0,22.22222222222222,2,10.92,973.15,113.75,13.235978589713755,3675,2475,225,1000.8,750,1124.65,22795.9,2025-02-22,23-36-22
23850,13-Mar-2025,1.0,1.0,0.0,1,13.37,959.15,445.15,86.60505836575875,3450,3450,1725,820.2,1725,1153.0,22795.9,2025-02-22,23-36-22
23850,27-Mar-2025,89.0,0.0,0.0,1,14.05,945.0,99.95000000000005,11.82770250281049,5700,5325,450,939.5,825,1187.55,22795.9,2025-02-22,23-36-22
23850,24-Apr-2025,0.0,0.0,0.0,0,0.0,0.0,0.0,0.0,1725,1725,1725,669.65,1725,1397.3,22795.9,2025-02-22,23-36-22
23900,27-Feb-2025,4000.0,0.0,0.0,252,26.59,1098.15,142.35000000000014,14.893283113622111,12750,13800,600,1100.25,150,1108.2,22795.9,2025-02-22,23-36-22
23900,06-Mar-2025,14.0,6.0,75.0,6,12.18,1025.0,93.04999999999995,9.984441225387624,5025,4875,750,963.05,750,1159.3,22795.9,2025-02-22,23-36-22
23900,13-Mar-2025,1.0,1.0,0.0,1,13.49,1005.25,464.15,85.77896876732581,3450,3450,1725,865.65,1725,1190.4,22795.9,2025-02-22,23-36-22
23900,27-Mar-2025,1512.0,171.0,12.751677852348994,345,14.81,1000.0,109.5,12.296462661426165,6825,5175,150,992.45,225,1141.55,22795.9,2025-02-22,23-36-22
23900,24-Apr-2025,133.0,0.0,0.0,0,0.0,790.95,0.0,0.0,3525,3450,1725,684.9,1725,1407.15,22795.9,2025-02-22,23-36-22
23950,27-Feb-2025,225.0,-1.0,-0.4424778761061947,22,20.85,1124.0,120.0,11.952191235059761,8925,9525,525,1149.45,150,1161.45,22795.9,2025-02-22,23-36-22
23950,06-Mar-2025,2.0,1.0,100.0,1,12.65,1074.8,139.54999999999995,14.921144079123225,3675,3675,225,1097.9,225,1223.15,22795.9,2025-02-22,23-36-22
23950,13-Mar-2025,1.0,1.0,0.0,1,13.95,1054.7,485.70000000000005,85.3602811950791,3450,3450,1725,911.5,1725,1252.1,22795.9,2025-02-22,23-36-22
23950,27-Mar-2025,193.0,0.0,0.0,0,0.0,889.3,0.34999999999990905,0.03937229315483537,5475,5475,225,964.45,225,1299.0,22795.9,2025-02-22,23-36-22
23950,24-Apr-2025,0.0,0.0,0.0,0,0.0,0.0,0.0,0.0,1725,1725,1725,756.7,1725,1474.6,22795.9,2025-02-22,23-36-22
24000,27-Feb-2025,19332.0,-985.0,-4.848156716050598,2737,28.48,1198.5,140.70000000000005,13.301191151446403,21750,20700,150,1200.35,75,1208.15,22795.9,2025-02-22,23-36-22
24000,06-Mar-2025,226.0,37.0,19.576719576719576,82,15.86,1135.0,124.0,12.265084075173096,4650,4275,150,1139.3,525,1168.6,22795.9,2025-02-22,23-36-22
24000,13-Mar-2025,2.0,2.0,0.0,2,14.61,1105.95,508.25,85.03429814288104,3900,4200,1725,958.0,150,1260.95,22795.9,2025-02-22,23-36-22
24000,27-Mar-2025,19651.333333333332,204.66666666666666,1.0524511484401782,3880,15.4,1092.05,116.34999999999991,11.924771958593821,17550,17850,75,1093.0,150,1100.4,22795.9,2025-02-22,23-36-22
24000,24-Apr-2025,3084.0,184.0,6.344827586206897,658,14.42,1040.0,89.70000000000005,9.43912448700411,8775,3375,450,1039.6,75,1050.0,22795.9,2025-02-22,23-36-22
24000,26-Jun-2025,9352.333333333334,201.0,2.1964012530050265,1530,15.77,1059.2,77.65000000000009,7.9109571595945285,6975,2250,75,1060.0,75,1069.9,22795.9,2025-02-22,23-36-22
24000,25-Sep-2025,43.0,5.0,13.157894736842104,7,16.73,1080.0,82.0,8.216432865731463,1425,1125,75,1040.05,75,1095.0,22795.9,2025-02-22,23-36-22
24000,24-Dec-2025,12376.0,-5.333333333333333,-0.04307559767391773,429,17.57,1104.0,46.34999999999991,4.382357112466308,3975,3825,75,1092.15,75,1109.15,22795.9,2025-02-22,23-36-22
24000,25-Jun-2026,1.0,0.0,0.0,0,0.0,822.05,0.0,0.0,3975,0,300,882.05,0,0.0,22795.9,2025-02-22,23-36-22
24000,31-Dec-2026,122.0,-1.0,-0.8130081300813008,1,20.2,1177.0,57.0,5.089285714285714,975,450,75,1140.05,75,1259.95,22795.9,2025-02-22,23-36-22
24000,24-Jun-2027,0.0,0.0,0.0,0,0.0,0.0,0.0,0.0,5550,0,150,550.05,0,0.0,0.0,2025-02-22,23-36-22
24000,30-Dec-2027,8.0,0.0,0.0,0,0.0,1092.15,0.0,0.0,150,0,75,1155.35,0,0.0,22795.9,2025-02-22,23-36-22
24000,29-Jun-2028,0.0,0.0,0.0,0,0.0,0.0,0.0,0.0,5700,0,300,1065.4,0,0.0,22795.9,2025-02-22,23-36-22
24000,28-Dec-2028,8.0,0.0,0.0,0,0.0,914.3,0.0,0.0,6225,0,300,981.15,0,0.0,22795.9,2025-02-22,23-36-22
24000,28-Jun-2029,0.3333333333333333,0.0,0.0,0,0.0,694.05,0.0,0.0,300,0,300,897.3,0,0.0,22795.9,2025-02-22,23-36-22
24000,27-Dec-2029,0.0,0.0,0.0,0,0.0,0.0,0.0,0.0,300,0,300,830.15,0,0.0,0.0,2025-02-22,23-36-22
24050,27-Feb-2025,281.0,-6.0,-2.0905923344947737,15,0.0,1214.45,107.45000000000005,9.706413730803979,9300,8925,150,1248.25,375,1261.8,22795.9,2025-02-22,23-36-22
24050,06-Mar-2025,12.0,2.0,20.0,2,0.0,1166.95,119.0,11.3555036022711,3675,4425,225,1195.95,750,1321.8,22795.9,2025-02-22,23-36-22
24050,13-Mar-2025,1.0,1.0,0.0,1,14.21,1148.4,521.2,83.09948979591837,3450,3450,1725,1003.5,1725,1354.25,22795.9,2025-02-22,23-36-22
24050,27-Mar-2025,86.0,0.0,0.0,8,14.84,1123.0,261.15,30.301096478505535,5475,6525,225,1116.2,225,1195.55,22795.9,2025-02-22,23-36-22
24050,24-Apr-2025,14.0,-1.0,-6.666666666666667,1,14.1,1065.95,185.95000000000005,21.130681818181824,3525,1950,1725,872.35,225,1355.05,22795.9,2025-02-22,23-36-22
24100,27-Feb-2025,1424.0,-21.0,-1.453287197231834,47,21.13,1270.0,118.34999999999991,10.276559718664515,9075,10500,150,1299.0,150,1309.9,22795.9,2025-02-22,23-36-22
24100,06-Mar-2025,8.0,2.0,33.333333333333336,2,14.43,1225.25,182.70000000000005,17.524339360222537,3675,3600,225,1083.15,150,1262.55,22795.9,2025-02-22,23-36-22
24100,13-Mar-2025,1.0,1.0,0.0,1,14.25,1195.05,537.5,81.74283324462019,3450,3450,1725,1074.65,1725,1394.2,22795.9,2025-02-22,23-36-22
24100,27-Mar-2025,371.0,0.0,0.0,2,15.43,1175.0,95.0,8.796296296296296,5550,5250,225,1166.65,600,1396.7,22795.9,2025-02-22,23-36-22
24100,24-Apr-2025,4.0,0.0,0.0,0,0.0,1033.15,0.0,0.0,3375,3000,1650,910.75,225,1428.1,22795.9,2025-02-22,23-36-22
24150,27-Feb-2025,1830.0,0.0,0.0,15,27.72,1334.85,121.69999999999982,10.031735564439666,7650,7800,375,1348.6,750,1394.1,22795.9,2025-02-22,23-36-22
24150,06-Mar-2025,7.0,1.0,16.666666666666668,3,0.0,1262.9,163.25,14.845632701314054,4425,3675,750,1290.4,225,1415.5,22795.9,2025-02-22,23-36-22
24150,13-Mar-2025,1.0,1.0,0.0,1,13.85,1239.3,550.65,79.96079285558702,3450,3450,1725,1095.85,1725,1445.4,22795.9,2025-02-22,23-36-22
24150,27-Mar-2025,98.0,0.0,0.0,0,0.0,616.0,0.0,0.0,4875,3675,225,1101.2,225,1472.95,22795.9,2025-02-22,23-36-22
24150,24-Apr-2025,0.0,0.0,0.0,0,0.0,0.0,0.0,0.0,3525,1725,1725,943.05,1725,1643.05,22795.9,2025-02-22,23-36-22
24200,27-Feb-2025,3790.0,-68.0,-1.7625712804561948,106,27.01,1380.0,124.15000000000009,9.885734761317044,8550,10950,375,1398.3,1200,1433.4,22795.9,2025-02-22,23-36-22
24200,06-Mar-2025,8.0,5.0,166.66666666666666,6,21.63,1355.0,219.0,19.278169014084508,3450,3975,1725,1176.9,300,1364.85,22795.9,2025-02-22,23-36-22
24200,13-Mar-2025,1.0,1.0,0.0,1,13.54,1285.0,564.5,78.34836918806386,3450,3450,1725,1141.65,1725,1496.05,22795.9,2025-02-22,23-36-22
24200,27-Mar-2025,625.0,-16.0,-2.49609984399376,28,14.82,1250.0,95.29999999999995,8.25322594613319,5625,5625,150,1259.95,375,1484.2,22795.9,2025-02-22,23-36-22
24200,24-Apr-2025,33.0,0.0,0.0,0,0.0,1199.4,0.0,0.0,3525,3450,1725,983.65,1725,1659.35,22795.9,2025-02-22,23-36-22
24250,27-Feb-2025,114.0,-16.0,-12.307692307692308,35,27.99,1430.55,129.5,9.953499096883286,6825,8625,225,1447.65,150,1467.3,22795.9,2025-02-22,23-36-22
24250,06-Mar-2025,9.0,1.0,12.5,1,0.0,1363.25,177.6500000000001,14.983974358974367,4425,3675,750,1390.45,225,1522.85,22795.9,2025-02-22,23-36-22
24250,13-Mar-2025,1.0,1.0,0.0,1,14.71,1338.8,585.6999999999999,77.77187624485458,3450,3450,1725,1187.3,1725,1549.2,22795.9,2025-02-22,23-36-22
24250,27-Mar-2025,189.0,0.0,0.0,0,0.0,1135.25,0.0,0.0,4350,5475,900,1192.8,225,1571.75,22795.9,2025-02-22,23-36-22
24250,24-Apr-2025,0.0,0.0,0.0,0,0.0,1150.0,0.0,0.0,3525,1725,1725,1017.65,1725,1716.9,22795.9,2025-02-22,23-36-22
24300,27-Feb-2025,1465.0,16.0,1.1042097998619738,107,33.29,1496.5,141.9000000000001,10.475417097298102,9525,12375,225,1498.4,225,1510.3,22795.9,2025-02-22,23-36-22
24300,06-Mar-2025,9.0,2.0,28.571428571428573,2,0.0,1416.25,182.6500000000001,14.806258106355392,4575,4575,975,1438.8,750,1575.4,22795.9,2025-02-22,23-36-22
24300,13-Mar-2025,1.0,1.0,0.0,1,14.95,1387.5,601.0,76.41449459631278,3450,3450,1725,1233.95,1725,1598.95,22795.9,2025-02-22,23-36-22
24300,27-Mar-2025,416.0,2.0,0.4830917874396135,11,15.01,1340.0,90.79999999999995,7.26865193723983,5475,6075,225,1348.25,675,1544.8,22795.9,2025-02-22,23-36-22
24300,24-Apr-2025,2.0,0.0,0.0,0,0.0,1170.0,0.0,0.0,1950,3450,1725,1048.45,1725,1751.3,22795.9,2025-02-22,23-36-22
24350,27-Feb-2025,96.0,-10.0,-9.433962264150944,21,32.19,1539.0,131.0,9.303977272727272,8475,9000,1575,1499.25,1125,1574.75,22795.9,2025-02-22,23-36-22
24350,06-Mar-2025,10.0,4.0,66.66666666666667,10,14.48,1470.0,187.5999999999999,14.628820960698683,3450,4200,1725,1309.75,750,1642.7,22795.9,2025-02-22,23-36-22
24350,13-Mar-2025,1.0,1.0,0.0,1,15.24,1436.55,615.9499999999999,75.06093102607846,3450,3450,1725,1279.8,1725,1650.9,22795.9,2025-02-22,23-36-22
24350,27-Mar-2025,192.0,0.0,0.0,0,0.0,1107.4,0.0,0.0,4950,5475,1500,1281.9,225,1653.75,22795.9,2025-02-22,23-36-22
24350,24-Apr-2025,0.0,0.0,0.0,0,0.0,0.0,0.0,0.0,1950,3450,1725,1113.05,1725,1804.75,22795.9,2025-02-22,23-36-22
24400,27-Feb-2025,1925.0,-7.0,-0.36231884057971014,122,33.87,1592.15,140.4000000000001,9.671086619597045,9300,10200,75,1598.4,525,1609.55,22795.9,2025-02-22,23-36-22
24400,06-Mar-2025,9.0,1.0,12.5,1,0.0,1515.95,182.20000000000005,13.660731021555767,4350,4425,750,1525.7,750,1684.4,22795.9,2025-02-22,23-36-22
24400,13-Mar-2025,1.0,1.0,0.0,1,16.21,1489.3,633.9,74.10568155249007,3450,3450,1725,1324.35,1725,1709.2,22795.9,2025-02-22,23-36-22
24400,27-Mar-2025,294.0,3.0,1.0309278350515463,6,17.82,1469.2,148.85000000000014,11.273525959026028,5625,6300,150,1444.4,1425,1690.35,22795.9,2025-02-22,23-36-22
24400,24-Apr-2025,0.0,0.0,0.0,0,0.0,0.0,0.0,0.0,2925,3450,1725,1112.2,1725,1840.15,22795.9,2025-02-22,23-36-22
24450,27-Feb-2025,64.0,1.0,1.5873015873015872,1,32.63,1635.05,142.04999999999995,9.51440053583389,8475,8325,1125,1641.8,1125,1674.65,22795.9,2025-02-22,23-36-22
24450,06-Mar-2025,7.0,1.0,16.666666666666668,1,17.73,1574.1,190.69999999999982,13.784877837212651,4200,4200,750,1399.8,750,1755.05,22795.9,2025-02-22,23-36-22
24450,13-Mar-2025,1.0,1.0,0.0,1,15.2,1532.0,641.1,71.96093837692223,3450,3450,1725,1370.25,1725,1763.55,22795.9,2025-02-22,23-36-22
24450,27-Mar-2025,143.0,0.0,0.0,0,0.0,1400.0,0.0,0.0,5475,4350,225,1379.25,300,1663.85,22795.9,2025-02-22,23-36-22
24450,24-Apr-2025,0.0,0.0,0.0,0,0.0,0.0,0.0,0.0,2850,1725,1725,1146.5,1725,1900.65,22795.9,2025-02-22,23-36-22
24500,27-Feb-2025,11562.0,-1015.0,-8.070287031883597,2790,37.29,1699.0,147.3499999999999,9.496342603035473,15750,13725,600,1700.7,375,1710.55,22795.9,2025-02-22,23-36-22
24500,06-Mar-2025,11.0,1.0,10.0,1,16.45,1620.5,97.09999999999991,6.373900485755541,4425,3975,750,1448.3,225,1666.9,22795.9,2025-02-22,23-36-22
24500,13-Mar-2025,1.0,1.0,0.0,1,16.87,1587.8,660.6999999999999,71.26523568115628,3450,3450,1725,1418.7,1725,1805.2,22795.9,2025-02-22,23-36-22
24500,27-Mar-2025,5673.0,2376.0,72.06551410373066,2619,17.34,1548.7,129.0,9.086426709868281,10425,10275,225,1555.0,75,1564.0,22795.9,2025-02-22,23-36-22
24500,24-Apr-2025,1753.0,-17.0,-0.96045197740113,133,15.04,1440.2,118.0,8.92451973982756,6600,4800,300,1423.5,1200,1504.65,22795.9,2025-02-22,23-36-22
24550,27-Feb-2025,59.0,-1.0,-1.6666666666666667,2,44.32,1778.15,249.60000000000014,16.32920087664781,6150,7050,225,1746.35,1350,1788.95,22795.9,2025-02-22,23-36-22
24550,06-Mar-2025,7.0,1.0,16.666666666666668,1,19.25,1675.3,194.20000000000005,13.111876308149354,4200,4200,750,1495.9,750,1857.3,22795.9,2025-02-22,23-36-22
24550,13-Mar-2025,2.0,2.0,0.0,2,17.23,1637.25,672.25,69.66321243523316,3450,3450,1725,1467.6,1725,1867.6,22795.9,2025-02-22,23-36-22
24550,27-Mar-2025,2.0,2.0,0.0,2,15.78,1573.3,606.8499999999999,62.79166019969992,5175,5025,225,1499.5,1725,1864.7,22795.9,2025-02-22,23-36-22
24550,24-Apr-2025,0.0,0.0,0.0,0,0.0,0.0,0.0,0.0,3300,2775,1725,1244.45,1725,1993.9,22795.9,2025-02-22,23-36-22
24600,27-Feb-2025,967.0,-162.0,-14.348981399468556,176,34.5,1783.55,128.54999999999995,7.767371601208456,8250,8175,675,1797.15,75,1827.15,22795.9,2025-02-22,23-36-22
24600,06-Mar-2025,7.0,1.0,16.666666666666668,1,19.59,1724.8,208.14999999999986,13.72432664095209,3450,4200,1725,1541.7,750,1894.85,22795.9,2025-02-22,23-36-22
24600,13-Mar-2025,1.0,1.0,0.0,1,17.48,1686.2,683.5500000000001,68.17433800428864,3450,3450,1725,1510.25,1725,1919.1,22795.9,2025-02-22,23-36-22
24600,27-Mar-2025,279.0,112.0,67.06586826347305,133,16.88,1631.55,106.54999999999995,6.986885245901636,6300,6750,150,1638.25,675,1706.5,22795.9,2025-02-22,23-36-22
24600,24-Apr-2025,0.0,0.0,0.0,0,0.0,0.0,0.0,0.0,3300,1725,1725,1334.55,1725,2037.7,22795.9,2025-02-22,23-36-22
24650,27-Feb-2025,56.0,0.0,0.0,0,0.0,1652.8,0.0,0.0,5325,5250,1725,1727.95,1725,1957.15,22795.9,2025-02-22,23-36-22
24650,06-Mar-2025,5.0,1.0,25.0,1,0.0,1763.1,196.75,12.561049573850033,4200,3450,750,1588.2,1725,1987.25,22795.9,2025-02-22,23-36-22
24650,13-Mar-2025,1.0,1.0,0.0,1,17.84,1735.7,695.9000000000001,66.92633198692057,3450,3450,1725,1557.7,1725,1972.75,22795.9,2025-02-22,23-36-22
24650,27-Mar-2025,1.0,1.0,0.0,1,16.11,1668.0,642.8,62.69996098322278,5400,4800,150,1576.8,1200,1955.15,22795.9,2025-02-22,23-36-22
24650,24-Apr-2025,10.0,0.0,0.0,0,0.0,924.7,0.0,0.0,1950,1800,1725,1308.55,1800,2052.3,22795.9,2025-02-22,23-36-22
24700,27-Feb-2025,575.0,-6.0,-1.0327022375215147,24,24.47,1865.0,107.0,6.08646188850967,9225,7425,150,1893.2,150,1916.35,22795.9,2025-02-22,23-36-22
24700,06-Mar-2025,5.0,1.0,25.0,1,0.0,1811.4,196.05000000000018,12.136688643328084,3450,3450,1725,1636.6,1725,1997.0,22795.9,2025-02-22,23-36-22
24700,13-Mar-2025,1.0,1.0,0.0,1,18.37,1786.05,707.5,65.59732974827315,3450,3450,1725,1606.2,1725,2026.95,22795.9,2025-02-22,23-36-22
24700,27-Mar-2025,43.0,2.0,4.878048780487805,4,17.7,1731.6,126.59999999999991,7.887850467289715,6150,5700,225,1731.35,525,1994.35,22795.9,2025-02-22,23-36-22
24700,24-Apr-2025,0.0,0.0,0.0,0,0.0,0.0,0.0,0.0,3300,2475,1725,1403.05,1725,2133.2,22795.9,2025-02-22,23-36-22
24750,27-Feb-2025,92.0,0.0,0.0,0,0.0,1870.3,0.0,0.0,5250,5250,1725,1823.8,1725,2057.15,22795.9,2025-02-22,23-36-22
24750,06-Mar-2025,9.0,1.0,12.5,1,18.19,1869.15,160.1500000000001,9.37097717963722,4200,4200,750,1684.1,750,2056.65,22795.9,2025-02-22,23-36-22
24750,13-Mar-2025,1.0,1.0,0.0,1,18.7,1835.45,717.6000000000001,64.19465939079485,3450,3450,1725,1651.95,1725,2093.7,22795.9,2025-02-22,23-36-22
24750,27-Mar-2025,3.0,0.0,0.0,0,0.0,1526.5,0.0,0.0,5475,4725,225,1682.5,225,2063.0,22795.9,2025-02-22,23-36-22
24750,24-Apr-2025,0.0,0.0,0.0,0,0.0,0.0,0.0,0.0,3375,2700,1725,1447.9,1725,2189.25,22795.9,2025-02-22,23-36-22
24800,27-Feb-2025,501.0,-22.0,-4.2065009560229445,27,34.51,1976.0,120.75,6.5085567982751655,7350,8025,75,1955.9,150,2041.45,22795.9,2025-02-22,23-36-22
24800,06-Mar-2025,4.0,1.0,33.333333333333336,1,0.0,1908.75,198.29999999999995,11.593440322722087,4200,3450,750,1728.55,1725,2098.4,22795.9,2025-02-22,23-36-22
24800,13-Mar-2025,2.0,2.0,0.0,2,18.86,1884.1,726.3499999999999,62.738069531418695,3450,3450,1725,1699.7,1725,2134.3,22795.9,2025-02-22,23-36-22
24800,27-Mar-2025,6.0,2.0,50.0,5,20.46,1857.0,157.0,9.235294117647058,5625,5325,150,1830.05,75,1858.0,22795.9,2025-02-22,23-36-22
24800,24-Apr-2025,3.0,0.0,0.0,0,0.0,1283.45,0.0,0.0,3300,2475,1725,1487.65,1725,2229.0,22795.9,2025-02-22,23-36-22
24850,27-Feb-2025,1.0,0.0,0.0,0,0.0,1846.4,0.0,0.0,5250,6375,1725,1913.45,1125,2158.1,22795.9,2025-02-22,23-36-22
24850,06-Mar-2025,6.0,1.0,20.0,1,19.55,1969.55,210.64999999999986,11.976235146966847,4200,3450,750,1775.9,1725,2213.2,22795.9,2025-02-22,23-36-22
24850,13-Mar-2025,1.0,1.0,0.0,1,18.92,1932.4,734.25,61.28197638025289,3450,3450,1725,1745.8,1725,2189.1,22795.9,2025-02-22,23-36-22
24850,27-Mar-2025,1.0,0.0,0.0,0,0.0,1625.0,0.0,0.0,5175,4275,225,1778.95,225,2169.8,22795.9,2025-02-22,23-36-22
24850,24-Apr-2025,0.0,0.0,0.0,0,0.0,0.0,0.0,0.0,3300,1725,1725,1538.0,1725,2289.6,22795.9,2025-02-22,23-36-22
24900,27-Feb-2025,119.0,-5.0,-4.032258064516129,19,33.75,2071.9,91.90000000000009,4.641414141414146,6525,7125,1125,1967.5,1125,2137.5,22795.9,2025-02-22,23-36-22
24900,06-Mar-2025,5.0,1.0,25.0,1,0.0,2010.45,198.1500000000001,10.933620261546107,3450,3450,1725,1823.95,1725,2203.6,22795.9,2025-02-22,23-36-22
24900,13-Mar-2025,1.0,1.0,0.0,1,19.71,1983.9,744.8000000000002,60.10814300702124,3450,3450,1725,1793.45,1725,2242.05,22795.9,2025-02-22,23-36-22
24900,27-Mar-2025,59.0,0.0,0.0,15,18.23,1919.55,69.54999999999995,3.759459459459457,5475,5325,225,1926.5,675,2191.1,22795.9,2025-02-22,23-36-22
24900,24-Apr-2025,31.0,0.0,0.0,0,0.0,1695.0,0.0,0.0,3525,2700,1725,1506.35,1725,2318.45,22795.9,2025-02-22,23-36-22
24950,27-Feb-2025,2.0,0.0,0.0,0,0.0,1957.35,0.0,0.0,7875,7875,1125,2082.25,1125,2194.0,22795.9,2025-02-22,23-36-22
24950,06-Mar-2025,4.0,0.0,0.0,0,0.0,1857.9,0.3500000000001364,0.018842023094944222,4200,4200,750,1872.05,750,2311.45,22795.9,2025-02-22,23-36-22
24950,13-Mar-2025,1.0,1.0,0.0,1,20.06,2033.45,752.9000000000001,58.795049002381795,3450,3450,1725,1840.65,1725,2311.6,22795.9,2025-02-22,23-36-22
24950,27-Mar-2025,0.0,0.0,0.0,0,0.0,0.0,0.0,0.0,4875,5475,225,1873.45,225,2274.65,22795.9,2025-02-22,23-36-22
24950,24-Apr-2025,0.0,0.0,0.0,0,0.0,0.0,0.0,0.0,3300,1725,1725,1623.6,1725,2395.15,22795.9,2025-02-22,23-36-22
25000,27-Feb-2025,13559.0,-894.0,-6.185567010309279,1328,44.59,2195.8,141.80000000000018,6.903602726387545,15150,14325,75,2197.0,375,2206.95,22795.9,2025-02-22,23-36-22
25000,06-Mar-2025,97.0,93.0,2325.0,93,20.13,2118.2,128.19999999999982,6.442211055276373,4650,5475,750,2130.4,750,2200.4,22795.9,2025-02-22,23-36-22
25000,13-Mar-2025,1.0,1.0,0.0,1,19.12,2078.1,755.5999999999999,57.134215500945174,3600,3600,1725,1880.0,150,2152.95,22795.9,2025-02-22,23-36-22
25000,27-Mar-2025,10464.333333333334,722.6666666666666,7.41830624465355,1359,20.81,2040.0,138.1500000000001,7.263979809133217,9150,11475,75,2040.45,75,2052.35,22795.9,2025-02-22,23-36-22
25000,24-Apr-2025,323.0,12.0,3.8585209003215435,106,16.78,1897.85,127.84999999999991,7.223163841807905,6900,7275,750,1880.1,75,1936.6,22795.9,2025-02-22,23-36-22
25000,26-Jun-2025,5025.0,127.66666666666667,2.6068608766675743,912,16.96,1765.0,103.09999999999991,6.203742704133817,12600,4050,75,1765.3,75,1780.15,22795.9,2025-02-22,23-36-22
25000,25-Sep-2025,46.0,1.0,2.2222222222222223,2,16.42,1590.65,75.5,4.9830049830049825,375,750,75,590.65,750,1719.6,22795.9,2025-02-22,23-36-22
25000,24-Dec-2025,4157.666666666667,6.0,0.14452027298273787,204,17.59,1568.45,75.45000000000005,5.053583389149367,3975,2175,75,1569.25,75,1580.0,22795.9,2025-02-22,23-36-22
25000,25-Jun-2026,0.0,0.0,0.0,0,0.0,0.0,0.0,0.0,3825,0,150,925.05,0,0.0,0.0,2025-02-22,23-36-22
25000,31-Dec-2026,7.0,0.0,0.0,0,0.0,1400.05,0.0,0.0,1125,375,75,1350.05,75,1699.95,22795.9,2025-02-22,23-36-22
25000,24-Jun-2027,0.0,0.0,0.0,0,0.0,0.0,0.0,0.0,5550,0,150,750.05,0,0.0,0.0,2025-02-22,23-36-22
25000,30-Dec-2027,1.0,0.0,0.0,0,0.0,1546.4,0.0,0.0,3825,0,150,700.05,0,0.0,22795.9,2025-02-22,23-36-22
25000,29-Jun-2028,0.0,0.0,0.0,0,0.0,0.0,0.0,0.0,5700,0,300,625.05,0,0.0,0.0,2025-02-22,23-36-22
25000,28-Dec-2028,6.0,0.0,0.0,0,0.0,1299.0,0.0,0.0,5550,300,150,1301.25,75,1310.0,22795.9,2025-02-22,23-36-22
25000,28-Jun-2029,0.0,0.0,0.0,0,0.0,0.0,0.0,0.0,5475,0,75,1181.5,0,0.0,22795.9,2025-02-22,23-36-22
25000,27-Dec-2029,0.0,0.0,0.0,0,0.0,0.0,0.0,0.0,75,0,75,1085.5,0,0.0,0.0,2025-02-22,23-36-22
25050,27-Feb-2025,1.0,0.0,0.0,0,0.0,2051.2,0.0,0.0,6375,5250,1125,2131.9,1725,2377.5,22795.9,2025-02-22,23-36-22
25050,06-Mar-2025,4.0,1.0,33.333333333333336,1,0.0,2159.9,207.35000000000014,10.619446365009866,4200,3450,750,1965.4,1725,2441.25,22795.9,2025-02-22,23-36-22
25050,13-Mar-2025,1.0,1.0,0.0,1,20.74,2132.55,767.6500000000001,56.24221554692652,3450,3450,1725,1934.85,1725,2422.5,22795.9,2025-02-22,23-36-22
25050,27-Mar-2025,0.0,0.0,0.0,0,0.0,0.0,0.0,0.0,5175,4275,225,1963.75,225,2357.5,22795.9,2025-02-22,23-36-22
25050,24-Apr-2025,0.0,0.0,0.0,0,0.0,0.0,0.0,0.0,3375,1725,1725,1760.45,1725,2493.05,22795.9,2025-02-22,23-36-22
25100,27-Feb-2025,124.0,-3.0,-2.3622047244094486,9,32.24,2266.6,109.94999999999982,5.098184684580243,7875,8475,75,2295.65,900,2315.35,22795.9,2025-02-22,23-36-22
25100,06-Mar-2025,4.0,1.0,33.333333333333336,1,0.0,2209.7,249.69999999999982,12.739795918367339,4275,3450,750,2199.4,1725,2411.85,22795.9,2025-02-22,23-36-22
25100,13-Mar-2025,1.0,1.0,0.0,1,20.58,2180.15,772.45,54.873197414221785,3450,3450,1725,1982.1,1725,2415.05,22795.9,2025-02-22,23-36-22
25100,27-Mar-2025,10.0,7.0,233.33333333333334,7,18.37,2106.15,76.15000000000009,3.7512315270936005,6225,5850,1725,1967.4,225,2250.4,22795.9,2025-02-22,23-36-22
25100,24-Apr-2025,0.0,0.0,0.0,0,0.0,0.0,0.0,0.0,3375,1725,1725,1766.7,1725,2545.5,22795.9,2025-02-22,23-36-22
25150,27-Feb-2025,3.0,0.0,0.0,0,0.0,2116.0,0.0,0.0,7875,7875,1125,2281.7,1125,2393.5,22795.9,2025-02-22,23-36-22
25150,06-Mar-2025,5.0,1.0,25.0,1,21.83,2268.3,212.1500000000001,10.317827006784528,3450,4200,1725,2057.85,750,2457.15,22795.9,2025-02-22,23-36-22
25150,13-Mar-2025,1.0,1.0,0.0,1,21.42,2231.7,780.7499999999998,53.809573038354166,3450,3450,1725,2028.95,1725,2477.55,22795.9,2025-02-22,23-36-22
25150,27-Mar-2025,0.0,0.0,0.0,0,0.0,0.0,0.0,0.0,5175,4275,225,2057.3,225,2461.55,22795.9,2025-02-22,23-36-22
25150,24-Apr-2025,0.0,0.0,0.0,0,0.0,0.0,0.0,0.0,3375,2700,1725,1825.8,1725,2600.7,22795.9,2025-02-22,23-36-22
25200,27-Feb-2025,481.0,-5.0,-1.02880658436214,11,41.69,2379.0,125.0,5.545696539485359,11475,5025,1125,2345.25,75,2403.0,22795.9,2025-02-22,23-36-22
25200,06-Mar-2025,4.0,1.0,33.333333333333336,1,0.0,2310.4,207.6500000000001,9.875163476399957,4275,3450,750,2298.6,1725,2514.2,22795.9,2025-02-22,23-36-22
25200,13-Mar-2025,1.0,1.0,0.0,1,21.25,2279.35,784.6999999999998,52.50058542133609,3450,3450,1725,2076.15,1725,2512.3,22795.9,2025-02-22,23-36-22
25200,27-Mar-2025,12.0,3.0,33.333333333333336,6,20.5,2219.0,101.5,4.793388429752066,5475,3750,225,2218.55,150,2509.9,22795.9,2025-02-22,23-36-22
25200,24-Apr-2025,0.0,0.0,0.0,0,0.0,0.0,0.0,0.0,3375,1725,1725,1870.05,1725,2641.7,22795.9,2025-02-22,23-36-22
25250,27-Feb-2025,13.0,0.0,0.0,0,0.0,2216.65,0.0,0.0,7875,7875,1125,2381.3,1125,2495.45,22795.9,2025-02-22,23-36-22
25250,06-Mar-2025,2.0,1.0,100.0,1,0.0,2356.8,202.25,9.387110997656123,4200,3450,750,2153.2,1725,2586.0,22795.9,2025-02-22,23-36-22
25250,13-Mar-2025,1.0,1.0,0.0,1,21.57,2328.9,790.25,51.35995840509538,3450,3450,1725,2122.9,1725,2584.8,22795.9,2025-02-22,23-36-22
25250,27-Mar-2025,0.0,0.0,0.0,0,0.0,0.0,0.0,0.0,4800,4275,1725,2105.4,225,2563.85,22795.9,2025-02-22,23-36-22
25250,24-Apr-2025,0.0,0.0,0.0,0,0.0,0.0,0.0,0.0,3375,1725,1725,1971.6,1725,2699.25,22795.9,2025-02-22,23-36-22
25300,27-Feb-2025,156.0,-6.0,-3.7037037037037037,9,42.89,2478.5,119.5,5.06570580754557,7350,9900,525,2494.85,2250,2530.0,22795.9,2025-02-22,23-36-22
25300,06-Mar-2025,2.0,1.0,100.0,1,0.0,2406.6,201.5999999999999,9.142857142857139,3525,3450,75,2395.15,1725,2619.0,22795.9,2025-02-22,23-36-22
25300,13-Mar-2025,1.0,1.0,0.0,1,21.73,2377.95,794.8499999999999,50.20845177184006,3450,3450,1725,2170.3,1725,2615.4,22795.9,2025-02-22,23-36-22
25300,27-Mar-2025,25.0,0.0,0.0,0,0.0,2205.0,0.0,0.0,4800,3675,1350,2198.0,225,2615.45,22795.9,2025-02-22,23-36-22
25300,24-Apr-2025,0.0,0.0,0.0,0,0.0,0.0,0.0,0.0,3525,1725,1725,2002.4,1725,2749.55,22795.9,2025-02-22,23-36-22
25350,27-Feb-2025,2.0,0.0,0.0,0,0.0,2321.45,0.599999999999909,0.02585259710881397,7875,7875,1125,2411.2,1125,2635.65,22795.9,2025-02-22,23-36-22
25350,06-Mar-2025,3.0,1.0,50.0,1,0.0,2460.15,208.5999999999999,9.264728742421882,3450,4200,1725,2246.3,750,2664.55,22795.9,2025-02-22,23-36-22
25350,13-Mar-2025,1.0,1.0,0.0,1,22.22,2428.1,800.25,49.159934883435206,3450,3450,1725,2217.75,1725,2668.15,22795.9,2025-02-22,23-36-22
25350,27-Mar-2025,0.0,0.0,0.0,0,0.0,0.0,0.0,0.0,4800,4275,1725,2197.6,225,2667.7,22795.9,2025-02-22,23-36-22
25350,24-Apr-2025,0.0,0.0,0.0,0,0.0,0.0,0.0,0.0,3525,1725,1725,2048.05,1725,2815.4,22795.9,2025-02-22,23-36-22
25400,27-Feb-2025,202.0,0.0,0.0,0,0.0,2465.65,0.0500000000001819,0.0020279039584759043,7875,7875,1125,2541.8,1125,2647.45,22795.9,2025-02-22,23-36-22
25400,06-Mar-2025,2.0,1.0,100.0,1,0.0,2506.45,206.39999999999964,8.97371796265297,4275,3450,750,2498.3,1725,2717.65,22795.9,2025-02-22,23-36-22
25400,27-Mar-2025,0.0,0.0,0.0,0,0.0,0.0,0.0,0.0,5925,5400,675,2390.9,1950,2715.2,22795.9,2025-02-22,23-36-22
25400,24-Apr-2025,0.0,0.0,0.0,0,0.0,0.0,0.0,0.0,3300,1725,1725,2116.4,1725,2861.9,22795.9,2025-02-22,23-36-22
25450,27-Feb-2025,3.0,0.0,0.0,0,0.0,2416.3,1.3500000000003638,0.055901778504746015,6375,6375,1125,2527.0,1125,2736.8,22795.9,2025-02-22,23-36-22
25450,06-Mar-2025,3.0,1.0,50.0,1,0.0,2558.4,207.55000000000018,8.828721526256468,3450,3450,1725,2339.45,1725,2770.4,22795.9,2025-02-22,23-36-22
25450,27-Mar-2025,0.0,0.0,0.0,0,0.0,0.0,0.0,0.0,5025,4275,1725,2289.1,225,2769.25,22795.9,2025-02-22,23-36-22
25450,24-Apr-2025,0.0,0.0,0.0,0,0.0,0.0,0.0,0.0,3525,2775,1725,2161.0,1725,2916.85,22795.9,2025-02-22,23-36-22
25500,27-Feb-2025,4127.0,-284.0,-6.438449331217411,393,53.53,2699.8,146.1500000000001,5.723180545493708,10050,9825,150,2695.7,225,2708.6,22795.9,2025-02-22,23-36-22
25500,06-Mar-2025,4.0,1.0,33.333333333333336,1,24.52,2617.0,467.0,21.72093023255814,3450,4575,1725,2387.0,1125,2686.05,22795.9,2025-02-22,23-36-22
25500,27-Mar-2025,1728.0,43.0,2.5519287833827895,93,23.67,2528.05,137.85000000000036,5.767299807547501,7350,6450,75,2532.4,75,2542.0,22795.9,2025-02-22,23-36-22
25500,24-Apr-2025,6.0,6.0,0.0,8,18.52,2367.65,378.3000000000002,19.01626159298264,4800,5400,300,2352.4,75,2404.7,22795.9,2025-02-22,23-36-22
25550,27-Feb-2025,3.0,0.0,0.0,0,0.0,2514.9,1.150000000000091,0.04574838388861625,6450,6375,1125,2650.05,1125,2878.35,22795.9,2025-02-22,23-36-22
25550,27-Mar-2025,0.0,0.0,0.0,0,0.0,0.0,0.0,0.0,5250,4275,1725,2398.2,225,2874.95,22795.9,2025-02-22,23-36-22
25600,27-Feb-2025,323.0,-1.0,-0.30864197530864196,1,0.0,2750.0,107.19999999999982,4.056303920084751,8025,9450,150,2794.35,1125,2825.85,22795.9,2025-02-22,23-36-22
25600,27-Mar-2025,21.0,14.0,200.0,16,21.34,2600.0,115.0,4.627766599597585,6225,8025,225,2613.55,225,2709.9,22795.9,2025-02-22,23-36-22
25650,27-Feb-2025,3.0,0.0,0.0,0,0.0,2730.0,0.0,0.0,6375,6375,1125,2727.5,1125,2933.75,22795.9,2025-02-22,23-36-22
25650,27-Mar-2025,0.0,0.0,0.0,0,0.0,0.0,0.0,0.0,4350,4275,1725,2472.95,225,2974.25,22795.9,2025-02-22,23-36-22
25700,27-Feb-2025,307.0,-19.0,-5.828220858895706,32,57.1,2901.55,138.55000000000018,5.014477017734354,7950,10275,150,2893.85,1125,2948.2,22795.9,2025-02-22,23-36-22
25700,27-Mar-2025,2.0,0.0,0.0,0,0.0,2545.0,0.0,0.0,5925,5175,675,2658.2,1725,3023.35,22795.9,2025-02-22,23-36-22
25750,27-Feb-2025,5.0,0.0,0.0,0,0.0,2703.65,-0.1999999999998181,-0.0073968600329093,6375,5250,1125,2823.05,1725,3069.6,22795.9,2025-02-22,23-36-22
25750,27-Mar-2025,0.0,0.0,0.0,0,0.0,0.0,0.0,0.0,4800,4275,1725,2566.8,225,3070.7,22795.9,2025-02-22,23-36-22
25800,27-Feb-2025,282.0,0.0,0.0,0,0.0,2854.0,-5.400000000000091,-0.18885080786179237,7875,6750,1125,2933.45,3225,3096.5,22795.9,2025-02-22,23-36-22
25800,27-Mar-2025,303.0,0.0,0.0,9,0.0,2759.35,107.40000000000009,4.049850110296201,6675,6975,150,2807.25,225,2875.95,22795.9,2025-02-22,23-36-22
25850,27-Feb-2025,3.0,0.0,0.0,0,0.0,2813.8,1.150000000000091,0.04088670826445135,7875,7875,2850,2888.2,1125,3172.9,22795.9,2025-02-22,23-36-22
25850,27-Mar-2025,0.0,0.0,0.0,0,0.0,0.0,0.0,0.0,4800,4275,1725,2656.5,225,3181.55,22795.9,2025-02-22,23-36-22
25900,27-Feb-2025,88.0,-1.0,-1.1235955056179776,1,52.04,3080.0,174.55000000000018,6.007675231031344,8025,9150,150,3093.0,1125,3144.4,22795.9,2025-02-22,23-36-22
25900,27-Mar-2025,5.0,0.0,0.0,0,0.0,2470.6,0.0,0.0,5925,4950,675,2862.15,1725,3232.55,22795.9,2025-02-22,23-36-22
25950,27-Feb-2025,4.0,0.0,0.0,0,0.0,2918.15,0.0,0.0,6375,5250,1125,3015.25,1725,3298.45,22795.9,2025-02-22,23-36-22
25950,27-Mar-2025,0.0,0.0,0.0,0,0.0,0.0,0.0,0.0,4575,4275,1725,2771.25,225,3282.15,22795.9,2025-02-22,23-36-22
26000,27-Feb-2025,10612.0,-873.0,-7.6012189812799305,927,60.69,3198.7,146.25,4.791233271634261,12000,8700,450,3192.55,75,3202.55,22795.9,2025-02-22,23-36-22
26000,27-Mar-2025,9244.333333333334,751.0,8.842229199372056,1082,27.61,3030.0,145.0,5.025996533795494,8700,8475,75,3026.25,75,3042.0,22795.9,2025-02-22,23-36-22
26000,26-Jun-2025,3975.3333333333335,551.3333333333334,16.10202492211838,686,19.46,2625.8,126.75,5.0719273323863066,2625,1950,75,2615.0,75,2650.55,22795.9,2025-02-22,23-36-22
26000,25-Sep-2025,0.0,0.0,0.0,0,0.0,0.0,0.0,0.0,600,0,300,1515.1,0,0.0,0.0,2025-02-22,23-36-22
26000,24-Dec-2025,1968.0,14.0,0.7164790174002047,69,18.21,2171.35,96.54999999999973,4.6534605745131925,2025,1725,75,2162.6,75,2192.15,22795.9,2025-02-22,23-36-22
26000,25-Jun-2026,0.0,0.0,0.0,0,0.0,0.0,0.0,0.0,150,0,150,1250.05,0,0.0,0.0,2025-02-22,23-36-22
26000,31-Dec-2026,23.666666666666668,0.0,0.0,0,0.0,1920.0,0.0,0.0,4425,375,75,1975.0,75,2349.95,22795.9,2025-02-22,23-36-22
26000,24-Jun-2027,0.0,0.0,0.0,0,0.0,0.0,0.0,0.0,7350,0,150,1000.05,0,0.0,22795.9,2025-02-22,23-36-22
26000,30-Dec-2027,1.0,0.0,0.0,0,0.0,1951.6,0.0,0.0,3825,0,150,900.05,0,0.0,22795.9,2025-02-22,23-36-22
26000,29-Jun-2028,0.0,0.0,0.0,0,0.0,0.0,0.0,0.0,5700,0,300,800.05,0,0.0,0.0,2025-02-22,23-36-22
26000,28-Dec-2028,0.0,0.0,0.0,0,0.0,0.0,0.0,0.0,5550,0,150,725.05,0,0.0,0.0,2025-02-22,23-36-22
26000,28-Jun-2029,0.3333333333333333,0.0,0.0,0,0.0,1391.75,0.0,0.0,5550,0,150,675.05,0,0.0,22795.9,2025-02-22,23-36-22
26000,27-Dec-2029,0.0,0.0,0.0,0,0.0,0.0,0.0,0.0,150,0,150,600.05,0,0.0,0.0,2025-02-22,23-36-22
26050,27-Feb-2025,2.0,0.0,0.0,0,0.0,3012.45,-1.25,-0.041477253873975516,6375,6375,1125,3078.65,1125,3346.15,22795.9,2025-02-22,23-36-22
26100,27-Feb-2025,82.0,0.0,0.0,0,0.0,3059.25,1.599999999999909,0.0523277680571651,6375,6375,1125,3137.35,1125,3394.8,22795.9,2025-02-22,23-36-22
26150,27-Feb-2025,3.0,0.0,0.0,0,0.0,3112.6,0.900000000000091,0.028923096699556224,7875,7875,1125,3277.45,1125,3394.7,22795.9,2025-02-22,23-36-22
26200,27-Feb-2025,386.0,-2.0,-0.5154639175257731,3,40.62,3362.7,122.75,3.7886387135603945,7275,8550,225,3390.55,1125,3440.25,22795.9,2025-02-22,23-36-22
26250,27-Feb-2025,12.0,0.0,0.0,0,0.0,3305.35,0.0,0.0,7875,7875,1125,3363.95,1125,3494.05,22795.9,2025-02-22,23-36-22
26300,27-Feb-2025,96.0,0.0,0.0,0,0.0,3404.95,0.0,0.0,6375,6375,1125,3329.35,1125,3595.55,22795.9,2025-02-22,23-36-22
26350,27-Feb-2025,1.0,0.0,0.0,0,0.0,3313.95,0.0,0.0,6375,4500,1125,3405.95,1725,3704.65,22795.9,2025-02-22,23-36-22
26400,27-Feb-2025,29.0,0.0,0.0,0,0.0,3437.6,0.0,0.0,6375,5250,1125,3447.3,1725,3769.15,22795.9,2025-02-22,23-36-22
26450,27-Feb-2025,2.0,0.0,0.0,0,0.0,3510.2,0.0,0.0,6375,5250,1125,3494.85,1725,3823.9,22795.9,2025-02-22,23-36-22
26500,27-Feb-2025,4801.0,-494.0,-9.329556185080264,557,67.2,3696.65,143.30000000000018,4.032814104999512,10800,7950,225,3693.4,75,3703.65,22795.9,2025-02-22,23-36-22
27000,27-Mar-2025,6963.333333333333,12.333333333333334,0.17743250371649164,407,32.86,4012.0,145.69999999999982,3.768460802317456,8550,6300,75,4013.05,75,4018.65,22795.9,2025-02-22,23-36-22
27000,26-Jun-2025,1792.3333333333333,209.0,13.2,221,22.38,3545.65,140.80000000000018,4.13527761869099,750,525,75,3536.65,75,3552.65,22795.9,2025-02-22,23-36-22
27000,25-Sep-2025,0.0,0.0,0.0,0,0.0,0.0,0.0,0.0,75,0,75,2025.05,0,0.0,0.0,2025-02-22,23-36-22
27000,24-Dec-2025,2962.3333333333335,6.0,0.20295410982072387,20,19.28,2882.65,86.09999999999991,3.0787935134361946,1725,750,75,2877.5,75,2899.0,22795.9,2025-02-22,23-36-22
27000,25-Jun-2026,0.0,0.0,0.0,0,0.0,0.0,0.0,0.0,150,0,150,1625.05,0,0.0,0.0,2025-02-22,23-36-22
27000,31-Dec-2026,0.0,0.0,0.0,0,0.0,0.0,0.0,0.0,525,0,75,2400.05,0,0.0,22795.9,2025-02-22,23-36-22
27000,24-Jun-2027,0.0,0.0,0.0,0,0.0,0.0,0.0,0.0,7350,0,150,1300.05,0,0.0,22795.9,2025-02-22,23-36-22
27000,30-Dec-2027,1.0,0.0,0.0,0,0.0,2492.45,0.0,0.0,3825,0,150,1150.05,0,0.0,22795.9,2025-02-22,23-36-22
27000,29-Jun-2028,0.0,0.0,0.0,0,0.0,0.0,0.0,0.0,5700,0,300,1000.05,0,0.0,0.0,2025-02-22,23-36-22
27000,28-Dec-2028,0.0,0.0,0.0,0,0.0,0.0,0.0,0.0,150,0,150,925.05,0,0.0,0.0,2025-02-22,23-36-22
27000,28-Jun-2029,0.0,0.0,0.0,0,0.0,0.0,0.0,0.0,5550,0,150,850.05,0,0.0,22795.9,2025-02-22,23-36-22
27000,27-Dec-2029,0.0,0.0,0.0,0,0.0,0.0,0.0,0.0,150,0,150,750.05,0,0.0,0.0,2025-02-22,23-36-22
28000,27-Mar-2025,3497.0,-16.0,-0.4554511813265016,73,36.84,4990.6,137.75,2.8385381785960826,5175,4425,75,5002.95,150,5020.85,22795.9,2025-02-22,23-36-22
28000,26-Jun-2025,0.0,0.0,0.0,0,0.0,0.0,0.0,0.0,75,0,75,3545.05,0,0.0,22795.9,2025-02-22,23-36-22
28000,25-Sep-2025,0.0,0.0,0.0,0,0.0,0.0,0.0,0.0,75,0,75,2940.05,0,0.0,0.0,2025-02-22,23-36-22
28000,24-Dec-2025,4198.0,0.0,0.0,0,0.0,3592.3,0.0,0.0,1650,300,750,3559.55,300,3803.25,22795.9,2025-02-22,23-36-22
28000,25-Jun-2026,0.0,0.0,0.0,0,0.0,0.0,0.0,0.0,150,0,150,2050.05,0,0.0,0.0,2025-02-22,23-36-22
28000,31-Dec-2026,1.0,0.0,0.0,0,0.0,3500.0,0.0,0.0,300,150,75,3150.05,75,3683.95,22795.9,2025-02-22,23-36-22
28000,24-Jun-2027,0.0,0.0,0.0,0,0.0,0.0,0.0,0.0,150,0,150,1600.05,0,0.0,0.0,2025-02-22,23-36-22
28000,30-Dec-2027,0.0,0.0,0.0,0,0.0,0.0,0.0,0.0,3825,0,150,1425.05,0,0.0,0.0,2025-02-22,23-36-22
28000,29-Jun-2028,0.0,0.0,0.0,0,0.0,0.0,0.0,0.0,5700,0,300,1300.05,0,0.0,0.0,2025-02-22,23-36-22
28000,28-Dec-2028,0.0,0.0,0.0,0,0.0,0.0,0.0,0.0,150,0,150,1150.05,0,0.0,0.0,2025-02-22,23-36-22
28000,28-Jun-2029,0.0,0.0,0.0,0,0.0,0.0,0.0,0.0,5550,0,150,1025.05,0,0.0,0.0,2025-02-22,23-36-22
28000,27-Dec-2029,0.0,0.0,0.0,0,0.0,0.0,0.0,0.0,150,0,150,925.05,0,0.0,0.0,2025-02-22,23-36-22
29000,27-Mar-2025,5437.0,5.0,0.09204712812960236,96,42.01,5981.45,139.05000000000018,2.3800150623031664,4875,4650,75,5987.7,75,6013.0,22795.9,2025-02-22,23-36-22
29000,26-Jun-2025,0.0,0.0,0.0,0,0.0,0.0,0.0,0.0,75,0,75,4555.05,0,0.0,22795.9,2025-02-22,23-36-22
29000,25-Sep-2025,0.0,0.0,0.0,0,0.0,0.0,0.0,0.0,75,0,75,3925.05,0,0.0,0.0,2025-02-22,23-36-22
29000,24-Dec-2025,158.0,0.0,0.0,0,0.0,4292.55,0.0,0.0,1050,75,750,3501.65,75,4700.0,22795.9,2025-02-22,23-36-22
29000,25-Jun-2026,0.0,0.0,0.0,0,0.0,0.0,0.0,0.0,150,0,150,2550.05,0,0.0,0.0,2025-02-22,23-36-22
29000,31-Dec-2026,0.0,0.0,0.0,0,0.0,0.0,0.0,0.0,75,0,75,2150.05,0,0.0,0.0,2025-02-22,23-36-22
29000,24-Jun-2027,0.0,0.0,0.0,0,0.0,0.0,0.0,0.0,150,0,150,1950.05,0,0.0,0.0,2025-02-22,23-36-22
29000,30-Dec-2027,0.0,0.0,0.0,0,0.0,0.0,0.0,0.0,150,0,150,1725.05,0,0.0,0.0,2025-02-22,23-36-22
29000,29-Jun-2028,0.0,0.0,0.0,0,0.0,0.0,0.0,0.0,300,0,300,1525.05,0,0.0,0.0,2025-02-22,23-36-22
29000,28-Dec-2028,0.0,0.0,0.0,0,0.0,0.0,0.0,0.0,150,0,150,1400.05,0,0.0,0.0,2025-02-22,23-36-22
29000,28-Jun-2029,0.0,0.0,0.0,0,0.0,0.0,0.0,0.0,5550,0,150,1250.05,0,0.0,0.0,2025-02-22,23-36-22
29000,27-Dec-2029,0.0,0.0,0.0,0,0.0,0.0,0.0,0.0,150,0,150,1100.05,0,0.0,0.0,2025-02-22,23-36-22
30000,27-Mar-2025,389.6666666666667,-3.3333333333333335,-0.8481764206955047,107,44.71,6960.85,110.85000000000036,1.618248175182487,4500,4725,75,6978.45,75,7009.2,22795.9,2025-02-22,23-36-22
30000,24-Dec-2025,6.0,0.0,0.0,0,0.0,4227.0,0.0,0.0,75,0,75,4290.05,0,0.0,22795.9,2025-02-22,23-36-22
31000,27-Mar-2025,339.0,0.0,0.0,0,0.0,7725.75,0.0,0.0,0,3525,0,0.0,75,8066.4,22795.9,2025-02-22,23-36-22
